City_ID,City,Country,Max Temp,Current Description,Lat,Lng,Hotel Name
5,Arraial Do Cabo,BR,71.46,broken clouds,-22.9661,-42.0278,Pousada Porto Praia
10,Kapaa,US,84.52,few clouds,22.0752,-159.319,Sheraton Kauai Coconut Beach Resort
11,Kushmurun,KZ,67.26,broken clouds,52.4503,64.6311,Gostinitsa Pri Depo
12,Rikitea,PF,75.13,few clouds,-23.1203,-134.9692,People ThankYou
13,Lata,PT,76.08,overcast clouds,40.1629,-8.3327,Casa Maquia
15,Flin Flon,CA,77.79,broken clouds,54.7682,-101.865,Victoria Inn Flin Flon
16,Vaini,TO,80.76,few clouds,-21.2,-175.2,Keleti Beach Resort
20,Jega,NG,79.02,light rain,12.2175,4.3792,ALH. Nasiru Ibrahim
23,Faanui,PF,78.76,clear sky,-16.4833,-151.75,Bora-Bora Pearl Beach Resort & Spa
24,Lagoa,PT,69.04,overcast clouds,39.05,-27.9833,Casa Das Faias
25,Phonhong,LA,77.67,overcast clouds,18.5007,102.4166,Manyvong Guest House
28,Hithadhoo,MV,83.41,few clouds,-0.6,73.0833,Scoop Guest House
29,Awbari,LY,81.01,clear sky,26.5921,12.7805,ŸÅŸÜÿØŸÇ ÿ£Ÿàÿ®ÿßÿ±Ÿä
39,Atuona,PF,77.77,few clouds,-9.8,-139.0333,Villa Enata
40,Kahului,US,84.22,scattered clouds,20.8947,-156.47,Maui Seaside Hotel
45,Los Llanos De Aridane,ES,67.75,overcast clouds,28.6585,-17.9182,Valle Aridane
46,Gusau,NG,76.77,overcast clouds,12.1628,6.6614,GUEST INN
51,Ponta Do Sol,PT,68.72,scattered clouds,32.6667,-17.1,Hotel do Campo
63,Waingapu,ID,78.4,broken clouds,-9.6567,120.2641,Pondok Wisata Elim
66,Georgetown,MY,78.89,scattered clouds,5.4112,100.3354,Cititel Penang
67,Saint-Philippe,RE,67.59,broken clouds,-21.3585,55.7679,"Chambres d'h√¥te ""La Trinit√©"""
69,Ponta Delgada,PT,73.51,broken clouds,37.7333,-25.6667,Vila Nova Hotel
71,Sompeta,IN,79.79,overcast clouds,18.9333,84.6,‡∞¨‡±Ü‡∞Ç‡∞ï‡∞ø‡∞≤‡∞ø ‡∞≠‡±à‡∞∞‡±ä‡∞°‡∞Æ‡±ç‡∞Æ ‡∞ï‡±ç‡∞∞‡∞ø‡∞ï‡±Ü‡∞ü‡±ç ‡∞ó‡±ç‡∞∞‡±å‡∞Ç‡∞°‡±ç
72,Hambantota,LK,79.14,few clouds,6.1241,81.1185,Bungalow 63
74,El Tocuyo,VE,71.64,overcast clouds,9.7873,-69.7937,HOTEL BOUTIQUE SANTO DOMINGO
75,Puerto Ayora,EC,70.56,few clouds,-0.7393,-90.3518,Finch Bay Galapagos Hotel
80,College,US,80.01,smoke,64.8569,-147.8028,Pike's Waterfront Lodge
85,San Jose,US,84.85,few clouds,37.3394,-121.895,The Westin San Jose
86,North Platte,US,84.09,clear sky,41.1239,-100.7654,"Holiday Inn Express & Suites North Platte, an IHG Hotel"
87,Thompson,CA,75.36,few clouds,55.7435,-97.8558,Burntwood Hotel
89,Wuwei,CN,76.98,overcast clouds,37.9281,102.6414,Thank Inn Chain Hotel gansu wuwei liangzhou district xiguan middle road
90,Jodhpur,IN,79.54,overcast clouds,26.2867,73.03,"Umaid Bhawan Palace, Jodhpur"
91,Millau,FR,68.13,clear sky,44.0833,2.9167,La Villa Des Raspes
93,Tiarei,PF,73.42,light rain,-17.5333,-149.3333,Le Rocher de Tahiti
94,Broome,US,72.81,clear sky,42.2506,-75.833,Chenango Valley State Park
95,Mareeba,AU,72.48,scattered clouds,-17.0,145.4333,Trinity Plains Tourist Park
96,Jamestown,US,72.99,overcast clouds,42.097,-79.2353,Hampton Inn & Suites Jamestown
97,Mehamn,NO,67.95,overcast clouds,71.0357,27.8492,Mehamn Arctic Hotel AS
99,Yellowknife,CA,70.32,smoke,62.456,-114.3525,The Explorer Hotel
102,Kpandae,GH,72.18,broken clouds,8.4689,-0.0113,Catholic Guest House
104,Champerico,GT,80.74,overcast clouds,14.3,-91.9167,"Hotel y restaurante ""El Diamante"""
105,Lamballe,FR,70.74,few clouds,48.4676,-2.5144,H√¥tel Kyriad Lamballe
106,Santarem,BR,78.93,thunderstorm,-2.4431,-54.7083,Hotel Imperador
107,Eston,CA,84.92,overcast clouds,51.1501,-108.7514,Hearthside Place B&B
113,Pingliang,CN,67.14,overcast clouds,35.5392,106.6861,North Gate Hostel
116,Bethel,US,79.65,overcast clouds,41.3712,-73.414,Courtyard by Marriott Danbury
123,Impfondo,CG,72.0,overcast clouds,1.6381,18.0667,Auberge La Place de Jules
125,Jesup,US,78.35,clear sky,31.6074,-81.8854,Western Motel
126,Dabakala,CI,71.44,overcast clouds,8.3667,-4.4333,Hotel Residence les villages de Dabakala
127,La Asuncion,VE,74.93,overcast clouds,11.0333,-63.8628,Colinas de Matasiete
129,Butaritari,KI,82.29,overcast clouds,3.0707,172.7902,Isles Sunset Lodge
130,Grand Gaube,MU,68.4,overcast clouds,-20.0064,57.6608,Veranda Paul et Virginie Hotel & Spa
132,Mahebourg,MU,68.29,scattered clouds,-20.4081,57.7,Shandrani Beachcomber Resort & Spa
134,Tenosique,MX,73.0,overcast clouds,17.4833,-91.4333,Hotel Central
136,Caravelas,BR,69.78,broken clouds,-17.7125,-39.2481,Pousada dos Navegantes
142,Zaozerne,UA,66.47,clear sky,45.1582,33.2787,"Molodozhnyy Lager' ""Pioner"""
144,Souillac,MU,68.38,scattered clouds,-20.5167,57.5167,Shanti Maurice Resort & Spa
146,Ribeira Grande,PT,70.11,overcast clouds,38.5167,-28.7,Quinta da Meia Eira
148,Valera,VE,71.69,overcast clouds,9.3178,-70.6036,Hotel Camino Real
150,Half Moon Bay,US,80.55,overcast clouds,37.4636,-122.4286,"The Ritz-Carlton, Half Moon Bay"
151,Mercato San Severino,IT,73.15,clear sky,40.7812,14.7569,Hotel Dei Principati
154,Nipawin,CA,77.04,clear sky,53.3668,-104.0009,Tobin Lake Motel
155,Rodrigues Alves,BR,74.77,broken clouds,-7.738,-72.6509,Pousada Aconchego
156,Khategaon,IN,77.02,moderate rain,22.6,76.9167,savariya Lodge
157,Hasaki,JP,77.4,overcast clouds,35.7333,140.8333,Inubosaki Kanko Hotel
160,Salalah,OM,77.09,overcast clouds,17.0151,54.0924,"HAMDAN PLAZA HOTEL SALALAH, an HTG Hotel"
162,Bengkulu,ID,77.45,overcast clouds,-3.8004,102.2655,Grage Hotel Bengkulu
163,Tateyama,JP,77.05,broken clouds,34.9833,139.8667,Tateyama Seaside Hotel
164,Salinas,US,74.21,overcast clouds,36.6777,-121.6555,Laurel Inn & Conference Center
166,Krasnyy Chikoy,RU,71.37,clear sky,50.3643,108.7512,Persona
167,Mnogovershinnyy,RU,70.97,overcast clouds,53.9353,139.9242,Obshchezhitiye 14
169,Carnarvon,AU,70.74,clear sky,-24.8667,113.6333,Hospitality Carnarvon
174,Itacare,BR,70.7,scattered clouds,-14.2775,-38.9967,Ecoporan Hotel Charme Spa & Eventos
177,Karla,EE,66.16,clear sky,59.3723,24.9275,River Villa
179,Avarua,CK,75.25,broken clouds,-21.2078,-159.775,Paradise Inn
180,Wanning,CN,83.44,overcast clouds,18.8003,110.3967,Paradise Hotel
181,Havelock,US,84.18,clear sky,34.8791,-76.9013,Sherwood Motel
183,Itarema,BR,77.52,few clouds,-2.9248,-39.9167,"Sea Lounge! Bar, Club & Restaurant"
184,Vao,NC,73.42,light rain,-22.6667,167.4833,Hotel Kou-Bugny
189,Acarau,BR,77.7,few clouds,-2.8856,-40.12,castelo pizzaria
190,Pacific Grove,US,68.81,scattered clouds,36.6177,-121.9166,Lovers Point Inn
191,Westport,US,79.09,scattered clouds,41.1415,-73.3579,The Westport Inn
194,Conde,BR,72.86,clear sky,-7.2597,-34.9075,Pousada Beija Flor
199,The Valley,AI,82.81,overcast clouds,18.217,-63.0578,CeBlue Villas & Beach Resort
202,Saint Anthony,US,76.48,few clouds,45.0205,-93.218,Holiday Inn Express Roseville-St. Paul
204,Bubaque,GW,80.26,light rain,11.2833,-15.8333,"Casa Dora, Bubaque"
206,Bathsheba,BB,83.01,few clouds,13.2167,-59.5167,Atlantis Hotel
208,Angoche,MZ,70.65,clear sky,-16.2325,39.9086,Guest House HESADA
209,Warri,NG,73.99,overcast clouds,5.5167,5.75,GT Guesthouse
212,Shihezi,CN,81.81,broken clouds,44.3,86.0333,Home Inn Shihezi Dongwu Road Century Square
213,Awjilah,LY,74.77,clear sky,29.1081,21.2869,ÿßŸÑŸÖŸÜÿ≤ŸÑ
217,Hamilton,US,80.04,few clouds,39.1834,-84.5333,Six Acres Bed & Breakfast
219,Ugoofaaru,MV,81.75,overcast clouds,5.6667,73.0,Ungoofaaru Inn
220,Kavieng,PG,84.97,few clouds,-2.5744,150.7967,Nusa Island Retreat
221,Northam,GB,66.38,broken clouds,51.0333,-4.2167,Durrant House Hotel
222,Bowen,AU,68.74,clear sky,-20.0167,148.2333,Castle Motor Lodge Motel
223,Yarmouth,US,75.15,clear sky,41.7057,-70.2286,Blue Rock Resort
225,Cortez,US,79.56,overcast clouds,37.3489,-108.5859,Sand Canyon National 9 Inn
227,Puerto El Triunfo,SV,79.38,broken clouds,13.2833,-88.55,Hotel Jardin
228,Ambon,ID,78.24,light rain,-3.6954,128.1814,Swiss-Belhotel Ambon
230,Owando,CG,74.39,overcast clouds,-0.4819,15.8999,Exaunel Hotel Owando
235,Nantucket,US,73.99,clear sky,41.2835,-70.0995,Jared Coffin House
236,Cayenne,GF,83.08,overcast clouds,4.9333,-52.3333,H√¥tel Le Dronmi
241,Port Hedland,AU,71.65,few clouds,-20.3167,118.5667,The Esplanade Hotel
242,Erzin,TR,73.08,few clouds,36.9559,36.2,Artemis Otel
243,Mujiayingzi,CN,84.87,scattered clouds,42.1167,118.7833,Jinjiang Hotel
244,Merseburg,DE,65.01,clear sky,51.3667,12.0,Best Western Hotel Halle-Merseburg
246,Brazzaville,CG,68.31,few clouds,-4.2658,15.2832,Hotel Muesse
247,Omboue,GA,69.67,broken clouds,-1.5746,9.2618,Hotel Olako
249,Caracuaro,MX,80.11,overcast clouds,19.0106,-101.1264,Hotel Juana
251,Muros,ES,74.16,few clouds,42.7762,-9.0603,Apartment Av. Castelao
252,Bambous Virieux,MU,68.25,light rain,-20.3428,57.7575,Casa Tia Villa
254,Batouri,CM,67.71,overcast clouds,4.4333,14.3667,Hotel Hollywood
258,Mogadouro,PT,76.01,broken clouds,41.3403,-6.7119,Pens√£o Russo
259,Bereda,ES,70.41,clear sky,43.2686,-7.5406,Pazo de Verdes
261,Seoul,KR,74.8,heavy intensity rain,37.5683,126.9778,Lotte Hotel Seoul
262,North Bend,US,69.24,overcast clouds,43.4065,-124.2243,Red Lion Hotel Coos Bay
263,Puerto Madero,MX,82.6,overcast clouds,14.7208,-92.4215,DEPARTAMENTOS LA ESTANCIA
264,Phangnga,TH,77.04,overcast clouds,8.4509,98.5298,Sunimit Mansion
265,Touros,BR,75.13,clear sky,-5.1989,-35.4608,INN NEW HORIZON
267,Mayumba,GA,68.5,few clouds,-3.432,10.6554,LIKWALE LODGE
269,Masallatah,LY,71.29,clear sky,32.6167,14.0,Mustafa Taher Sowaidan
271,Oriximina,BR,79.59,overcast clouds,-1.7656,-55.8661,Pousada Tia Am√©lia
274,Katobu,ID,82.83,few clouds,-4.9408,122.5276,La Ode Husein
275,Cumbum,IN,74.34,overcast clouds,9.7333,77.3,Hotel Sagar Rooms
276,Yamada,JP,71.28,light rain,39.4667,141.95,Iroha-ya Inn
279,Tangzhai,CN,83.41,overcast clouds,34.4328,116.5911,Huilong Business Hotel
285,Port Blair,IN,82.47,overcast clouds,11.6667,92.75,"Welcomhotel By ITC Hotels, Bay Island, Port Blair"
286,Ushtobe,KZ,76.05,overcast clouds,45.2514,77.9838,"Gostinitsa ""Diyar"""
287,Petropavlovsk-Kamchatskiy,RU,70.39,few clouds,53.0452,158.6483,The Hotel Petropavlovsky
290,Guerrero Negro,MX,67.3,scattered clouds,27.9769,-114.0611,"Casa Laguna, Bed & Breakfast"
292,Turbat,PK,83.55,broken clouds,26.0023,63.044,Mubashar Quarters
294,Alofi,NU,80.49,few clouds,-19.0595,-169.9187,Taloa Heights
295,Ormara,PK,83.5,overcast clouds,25.2088,64.6357,Kenara Colony House for Rent
296,Turiacu,BR,73.31,scattered clouds,-1.6633,-45.3717,Pousada Maranata
298,Brokopondo,SR,76.6,overcast clouds,4.75,-55.1667,Matu Island
299,Banda Aceh,ID,82.49,overcast clouds,5.5577,95.3222,OYO 884 Rumoh PMI Hotel
300,Barra Do Garcas,BR,75.78,clear sky,-15.89,-52.2567,Pousada Tropical
301,Pouebo,NC,75.94,overcast clouds,-20.4,164.5667,RIV√ÇT LODGE
302,Divnoye,RU,70.18,broken clouds,45.9089,43.3547,Motel Manych-Gudilo
303,Porto Walter,BR,71.56,scattered clouds,-8.2686,-72.7439,Hotel Silva
304,Mormugao,IN,79.03,light rain,15.4,73.8,Coconut Creek Resort
305,Powell River,CA,73.08,broken clouds,49.8496,-124.5361,Rodmay Hotel
306,Shache,CN,78.13,overcast clouds,38.4167,77.2406,Delong Hotel
308,Salinopolis,BR,77.04,scattered clouds,-0.6136,-47.3561,Salinas Park Resort Ma√ßarico AP101
309,San Cristobal,VE,69.98,broken clouds,7.7669,-72.225,Pirineos
312,Bismarck,US,80.44,clear sky,46.8083,-100.7837,Bismarck Hotel and Conference Center
316,Vila Franca Do Campo,PT,73.2,overcast clouds,37.7167,-25.4333,Pestana Bahia Praia
317,Katherine,AU,68.32,few clouds,-14.4667,132.2667,Pine Tree Motel
319,Kudahuvadhoo,MV,81.37,broken clouds,2.6708,72.8944,Niyama Private Islands Maldives
320,Puri,IN,81.12,moderate rain,19.8,85.85,OYO 1577 Hotel Shree Hari Grand
322,Buraydah,SA,82.85,overcast clouds,26.326,43.975,M√∂venpick Qassim
324,Ust-Tsilma,RU,71.73,clear sky,65.441,52.1498,U Praskov'i
326,Chakwal,PK,83.93,overcast clouds,32.9334,72.8585,Uet Boys Hostel
329,Innisfail,AU,69.58,broken clouds,-17.5333,146.0333,Moondarra Motel
334,Williston,US,77.74,scattered clouds,48.147,-103.618,Hampton Inn & Suites Williston
338,Brigantine,US,77.04,light rain,39.4101,-74.3646,Legacy Vacation Resorts - Brigantine Beach
341,Amahai,ID,78.94,overcast clouds,-3.3333,128.9167,HOTEL ISABELA
342,Magdagachi,RU,72.64,overcast clouds,53.45,125.8,Motopolyana Magdagachi
343,Isangel,VU,80.71,broken clouds,-19.55,169.2667,Tanna Lodge
344,Porto Novo,BJ,76.82,overcast clouds,6.4965,2.6036,Tour Eiffel Hotel Benin
346,Methoni,GR,75.22,clear sky,36.8197,21.7049,Methoni Beach Hotel
349,Ombessa,CM,68.68,overcast clouds,4.603,11.2565,Hotel Elma**
351,Fort Nelson,CA,67.59,broken clouds,58.8053,-122.7002,The Fort Nelson Hotel
352,Leshukonskoye,RU,68.47,clear sky,64.8989,45.7622,Pryalitsa Hostel
357,Mouila,GA,68.79,overcast clouds,-1.8685,11.0559,H√¥tel du Lac Bleu
362,Zaraza,VE,73.72,broken clouds,9.3503,-65.3245,Hotel Zaraza
363,Biltine,TD,83.32,overcast clouds,14.5333,20.9167,H√¥tel Trois √âtoiles de Biltine
366,Gilgit,PK,79.63,few clouds,35.9221,74.3087,Tourist Hamlet Gilgit
367,Tripoli,LY,76.57,clear sky,32.8752,13.1875,Al Waddan Hotel
371,Biak,ID,78.13,overcast clouds,-0.9131,122.8766,Penginapan Kim
372,Les Cayes,HT,78.82,clear sky,18.2,-73.75,Villa Orphee
379,Samarai,PG,79.92,broken clouds,-10.6167,150.6667,Nuli Sapi
383,Mogadishu,SO,75.49,broken clouds,2.0371,45.3438,Hotel Juba
385,Puerto Narino,CO,75.94,overcast clouds,-3.7703,-70.3831,Eware Refugio Amazonico
387,Quatre Cocos,MU,68.11,light rain,-20.2078,57.7625,Sunrise Attitude Hotel
388,Malakal,SS,70.54,broken clouds,9.5334,31.6605,Nile Palace Hotel
389,Bria,CF,68.54,overcast clouds,6.5423,21.9863,WFP Guesthouse
390,Cabra,ES,75.29,overcast clouds,37.4725,-4.4421,MS Fuente Las Piedras
391,Daru,PG,80.64,overcast clouds,-9.0763,143.2092,Daru Lodge
393,Noumea,NC,73.0,light rain,-22.2763,166.4572,H√¥tel Le Lagon
395,Katsuura,JP,76.93,broken clouds,35.1333,140.3,Katsuura Hotel Mikazuki
397,Abbeville,FR,70.5,overcast clouds,50.1,1.8333,H√¥tel Mercure Abbeville Centre - Porte de la Baie de Somme
399,La Ronge,CA,79.05,clear sky,55.1001,-105.2842,Northland Motor Hotel
400,Sao Joao Do Paraiso,BR,66.83,broken clouds,-15.3136,-42.0144,Avenida Palace Hotel
406,Xuddur,SO,67.64,scattered clouds,4.1213,43.8894,Banjanay Hotel
407,Sao Filipe,CV,75.04,scattered clouds,14.8961,-24.4956,Hotel Xaguate
408,Kutum,SD,74.17,light rain,14.2,24.6667,Dibbo areaŸÖŸÜÿ∑ŸÇÿ© ÿØÿ®Ÿà
410,Nouadhibou,MR,71.58,sand,20.931,-17.0347,El Medina
411,Urumqi,CN,72.55,clear sky,43.801,87.6005,Hua Ling Grand Hotel Urumqi
412,Bardiyah,LY,75.58,clear sky,31.7561,25.0865,ÿ®Ÿàÿ±ÿ™Ÿà ÿ®ÿ±ÿØŸäÿ©
414,Batagay,RU,70.14,clear sky,67.6333,134.6333,Gostinitsa Ki'ileekh
415,Maragogi,BR,74.61,scattered clouds,-9.0122,-35.2225,Salinas do Maragogi All Inclusive Resort
416,Maningrida,AU,78.62,broken clouds,-12.0667,134.2667,Dhukurrdji Lodge
417,Vilyuysk,RU,77.97,broken clouds,63.7553,121.6247,Gostinitsa Viliuisk
418,Toamasina,MG,66.2,broken clouds,-18.1667,49.3833,Hotel H1
420,Itupiranga,BR,75.52,scattered clouds,-5.1347,-49.3267,Hotel Panorama
428,Nizwa,OM,84.88,overcast clouds,22.9333,57.5333,Orient Apartments
429,Jalu,LY,75.04,clear sky,29.0331,21.5482,ÿµÿßÿ≠ÿ®ÿ© ÿßŸÑŸÅÿÆÿßŸÖÿ©
430,Itaituba,BR,79.05,overcast clouds,-4.2761,-55.9836,Hotel Campos
431,Southbridge,US,73.42,light rain,42.0751,-72.0334,Southbridge Hotel & Conference Center
434,Buala,SB,84.15,light rain,-8.145,159.5921,Maringe Lagoon Lodge
435,Palmer,US,73.81,broken clouds,42.1584,-72.3287,Wedgewood Motel
437,Ayia Galini,GR,77.4,clear sky,35.1,24.6833,Sunningdale Bungalows
440,Camopi,GF,71.85,light rain,3.1655,-52.3158,La pousada
441,Sayansk,RU,66.97,overcast clouds,54.1088,102.1648,Yubileynaya
442,Gizo,SB,83.98,overcast clouds,-8.103,156.8419,Imagination Island
443,Ginda,IN,70.95,few clouds,30.6945,78.4932,Sunil Bisht
444,Mustafakemalpasa,TR,68.05,clear sky,40.0353,28.4117,Sultan Hotel
445,Port-Gentil,GA,72.37,overcast clouds,-0.7193,8.7815,Fengshui Residence
446,Romitan,UZ,71.55,clear sky,39.9343,64.3814,Hotel Temur
447,Kirakira,SB,83.64,scattered clouds,-10.4544,161.9205,SanBiz Lodge
450,Lahat,ID,79.77,overcast clouds,-3.8,103.5333,Hotel Grand Zuri Lahat by ZHM
451,Quimperle,FR,69.75,clear sky,47.8667,-3.55,ibis Quimperl√©
452,Port Keats,AU,75.24,overcast clouds,-14.25,129.55,TDC Village (Hundred Man Camp)
453,Changping,CN,82.04,clear sky,40.2186,116.2197,Huachang Hotel
457,Vilhena,BR,67.98,broken clouds,-12.7406,-60.1458,Hotel Mirage
458,Sibolga,ID,80.69,overcast clouds,1.7427,98.7792,Hotel Syariah CN Darussalam
462,Salo,IT,73.38,clear sky,45.6086,10.531,Park Hotel Casimiro Village - Blu Hotels
463,Kogon,UZ,71.64,clear sky,39.7228,64.5517,"""AFROSIYOB"" HOSTEL"
464,Axim,GH,74.93,overcast clouds,4.8699,-2.2405,Axim Beach Resort And Spa
465,Celestun,MX,83.3,overcast clouds,20.8667,-90.4,Posada Lilia
467,Riviere-Du-Loup,CA,68.27,broken clouds,47.8304,-69.5342,H√¥tel Universel
468,Kanniyakumari,IN,79.3,overcast clouds,8.0833,77.5667,Sparsa Kanyakumari
469,Barra Do Corda,BR,74.62,scattered clouds,-5.5,-45.25,Belchior Palace Hotel
470,Saint-Pierre,RE,67.91,overcast clouds,-21.3393,55.4781,Alize Plage
471,La Paz Centro,NI,79.45,scattered clouds,12.34,-86.6753,Quinta Momotombo
473,Waterloo,CA,67.87,broken clouds,43.4668,-80.5164,The Walper Hotel
476,San Carlos,VE,70.2,overcast clouds,9.6612,-68.5827,Hotel Paternopoli
477,Sao Miguel Do Araguaia,BR,72.07,clear sky,-13.275,-50.1628,Hotel Executivo Palace
479,Merrill,US,66.15,overcast clouds,45.1805,-89.6835,Prairie Motel
481,Paratinga,BR,72.97,few clouds,-12.6906,-43.1842,Pousada Magalh√£es 2
483,Adamovka,RU,71.46,clear sky,51.5223,59.9396,Gostinitsa
485,Zhigansk,RU,67.84,scattered clouds,66.7697,123.3711,Gostinichnyy Kompleks Aylgy
487,Praia,CV,75.74,clear sky,14.9215,-23.5087,LT Aparthotel
489,Tura,IN,81.95,overcast clouds,25.5198,90.2201,Hotel RIKMAN Continental
490,Acapulco,MX,84.02,overcast clouds,16.8634,-99.8901,HS Hotsson Smart Acapulco
491,Pathri,IN,71.74,moderate rain,19.25,76.45,Adam's Villa
494,Tampakan,PH,84.49,broken clouds,6.4442,124.9264,Green Palm Resort
496,Fayaoue,NC,77.92,scattered clouds,-20.65,166.5333,Chez Dydyce Guesthouse
498,Humaita,BR,73.11,overcast clouds,-7.5061,-63.0208,Corr√™a Hotel
499,Fukue,JP,82.76,broken clouds,32.6881,128.8419,Goto Guesthouse Utojuku & SA Car Rental
502,Harper,LR,75.25,overcast clouds,4.375,-7.7169,Screensaver
504,Marrakesh,MA,78.87,clear sky,31.6315,-8.0083,Les Jardins de La Koutoubia
506,Puerto Escondido,MX,79.43,overcast clouds,15.85,-97.0667,Aldea del Bazar Hotel and Spa
507,Gharghoda,IN,81.54,overcast clouds,22.1667,83.35,Gokul Naik
508,Huntington,US,78.73,clear sky,38.4193,-82.4452,Ramada Limited Huntington
512,Alta Floresta,BR,75.07,few clouds,-9.8756,-56.0861,Floresta Amazonica Hotel
515,Gondanglegi,ID,81.93,clear sky,-7.7479,112.0132,pondok pesantren mamba'ul 'ulum selo rejo
516,Conway,US,78.6,broken clouds,35.0887,-92.4421,"Country Inn & Suites by Radisson, Conway, AR"
517,Krasnovishersk,RU,67.95,scattered clouds,60.4078,57.082,Vishera hotel
518,Nautla,MX,83.57,overcast clouds,20.2167,-96.7833,Casa Blanca
520,Manono,CD,70.23,clear sky,-7.3,27.4167,Hotel hewa bora
521,Shu,KZ,76.42,scattered clouds,43.5983,73.7614,Shyngyzkhan
523,Kapit,MY,74.62,overcast clouds,2.0167,112.9333,Hotel Meligai Kapit
525,Genhe,CN,66.99,overcast clouds,50.7833,121.5167,Companionship Hotel
527,Yarada,IN,79.12,mist,17.65,83.2667,Yarada Jungle Beach Resorts
528,Nenjiang,CN,77.92,overcast clouds,49.1833,125.2167,Nenjiang Apartment
529,Manoel Urbano,BR,79.18,overcast clouds,-8.8389,-69.2597,Baixada Beira Rio
532,Barnstaple,GB,65.98,broken clouds,51.0802,-4.0581,The Park Hotel
534,Sinnamary,GF,78.17,overcast clouds,5.3833,-52.95,ALETHEIA Appartement Sinnamary
537,Oktyabrskiy,RU,70.47,few clouds,54.4815,53.471,–ì–æ—Å—Ç–∏–Ω–∏—Ü–∞ –û–∫—Ç—è–±—Ä—å—Å–∫–∞—è
538,Ferrol,ES,71.35,overcast clouds,43.4832,-8.2369,Hotel Spa Sercotel Ode√≥n
539,Mitchell,US,84.18,clear sky,43.7094,-98.0298,Kelly Inn & Suites
540,Dhidhdhoo,MV,81.93,overcast clouds,6.8833,73.1,Dhidhoo beach
541,Gat,IL,74.39,clear sky,31.61,34.7642,OlusHome
543,Lompoc,US,75.78,clear sky,34.6391,-120.4579,"Holiday Inn Express Lompoc, an IHG Hotel"
544,Santa Cruz,BO,65.66,overcast clouds,-17.8,-63.1667,Aviador Hotel Boutique
547,Alihe,CN,67.68,overcast clouds,50.5667,123.7167,Alihe Forestry Hotel
548,Olean,US,72.28,clear sky,42.0776,-78.4297,Best Western Plus University Inn
553,Ishinomaki,JP,71.69,light rain,38.4167,141.3,Ishinomaki Grand Hotel
554,Ajdabiya,LY,75.33,clear sky,30.7554,20.2263,Almadina Hotel
555,Itaueira,BR,78.64,few clouds,-7.6033,-43.0256,Pousada e Restaurante Cheiro e Sabor
558,Zhangjiakou,CN,81.59,scattered clouds,40.81,114.8794,Shell Zhangjiakou City Qiaodong District Ginza Hotel
561,Wilmington,US,81.86,clear sky,34.2257,-77.9447,"Hotel Ballast Wilmington, Tapestry Collection by Hilton"
562,Osmena,PH,83.32,overcast clouds,10.5208,119.9258,Arjemarkyza Lodge
566,Dengzhou,CN,73.45,overcast clouds,37.8086,120.7508,Greentree Inn Penglai Free Harbor Business Hotel
568,Luganville,VU,83.97,broken clouds,-15.5333,167.1667,The Espiritu Hotel
569,Ngemplak,ID,81.39,scattered clouds,-7.5497,110.7164,Santana Syariah Guest House
571,Narsimhapur,IN,79.9,overcast clouds,22.95,79.2,Hotel Pratap Palace
573,Buchanan,LR,75.36,light rain,5.8808,-10.0467,Kamaneahn Hotel Inc
574,Sambava,MG,69.71,light rain,-14.2667,50.1667,Melrose
575,Jiancheng,CN,80.22,light rain,30.391,104.5491,Jianyang Celebrity City Hotel
577,Cangzhou,CN,83.98,broken clouds,38.3167,116.8667,Jinji Express Hotel
578,Sarkand,KZ,71.15,overcast clouds,45.41,79.9186,–ì–æ—Å—Ç–∏–Ω–∏—Ü–∞ –°–∞—Ä–∫–∞–Ω–¥
579,Sainte-Marie,RE,69.96,few clouds,-20.8968,55.5496,Les pailles en queue de Sainte Marie
580,Kikwit,CD,71.13,clear sky,-5.041,18.8162,HOTEL PLACE YALABA
581,Urucara,BR,78.31,overcast clouds,-2.5364,-57.76,Pousada Maria Bonita
583,Fairbanks,US,78.76,smoke,64.8378,-147.7164,Westmark Fairbanks Hotel & Conference Center
590,Jacareacanga,BR,80.89,overcast clouds,-6.2222,-57.7528,Casa do Ianüòé
593,Hernani,ES,70.86,clear sky,43.2662,-1.9762,Ibiltze
594,Lazaro Cardenas,MX,81.27,scattered clouds,17.9583,-102.2,HOTEL QUINTA ANTIGUA
597,Meadow Lake,US,80.35,broken clouds,34.8014,-106.5436,TumbleWeed RV Park
599,Uray,RU,66.09,light rain,60.1247,64.7758,Hotel Pioner
600,Shimoda,JP,76.1,broken clouds,34.6667,138.95,Shimoda Tokyu Hotel
601,Kaita,JP,84.0,scattered clouds,34.3667,132.55,Kaita Central Hotel
603,Kyren,RU,67.55,clear sky,51.6828,102.1408,"Energetik, Pansionat Ooo ""Grand Baykal"""
604,Delijan,IR,80.19,clear sky,33.9905,50.6838,ÿß€åÿ≤Ÿà⁄ØÿßŸÖ ÿ¢ÿ≥€åÿß⁄Øÿ≥ÿ™ÿ±
605,Mikun,RU,66.54,overcast clouds,62.3547,50.0771,"Gostinnitsa ""Mayak"""
606,Newport,GB,67.44,broken clouds,51.5877,-2.9984,ibis budget Newport
607,Beidao,CN,69.94,overcast clouds,34.5686,105.8933,Shell Tianshui Maiji District Erma Road Walking Street Hotel
608,Mackenzie,CA,66.42,overcast clouds,55.2999,-123.1698,Hilton Shop
609,Vila Velha,BR,73.35,clear sky,-20.3297,-40.2925,Hotel Vit√≥ria Palace
610,Caorle,IT,69.76,few clouds,45.5966,12.8758,Maxim
611,Usinsk,RU,71.83,scattered clouds,65.9939,57.5281,Dobro Pozhalovaty
613,Inhambane,MZ,66.79,clear sky,-23.865,35.3833,Oceano
616,Meulaboh,ID,80.73,broken clouds,4.1363,96.1285,Kost Pria
617,Cehegin,ES,72.12,scattered clouds,38.0924,-1.7985,Apartamentos Begastri
618,San Quintin,MX,67.01,broken clouds,30.4833,-115.95,Don Eddie's Sport Fishing Center
619,Pringsewu,ID,80.53,overcast clouds,-5.3582,104.9744,Urban Style by Front One
620,Dyurtyuli,RU,68.47,overcast clouds,55.4911,54.8688,–ì–æ—Å—Ç–∏–Ω–∏—Ü–∞ ¬´–î—é—Ä—Ç—é–ª–∏¬ª
621,Sira,IN,72.21,overcast clouds,13.7453,76.9092,RR Regency Sira
624,Najran,SA,72.25,overcast clouds,17.4924,44.1277,ŸÖÿ≠ŸÖÿØ ŸáÿßÿØŸä ÿßŸÑ ŸÅÿ∑Ÿäÿ≠
625,Banjar,ID,83.17,broken clouds,-8.19,114.9675,The Hamsa Resort
626,Mompos,CO,78.1,broken clouds,9.2419,-74.4267,Hotel Villa de Mompox
628,Douglas,US,83.28,clear sky,41.3,-96.167,Hilton Garden Inn Omaha West
630,Ono,JP,81.91,overcast clouds,34.85,134.9333,„Ç™„Éº„É© Â∞èÈáéÂ∫ó
631,Baruun-Urt,MN,66.33,broken clouds,46.6806,113.2792,–ê—Ö–º–∞–¥—ã–Ω –∞–º—Ä–∞–ª—Ç —Å—É–≤–∏–ª–∞–ª
635,Pontian Kecil,MY,80.92,overcast clouds,1.4801,103.3899,SUNFLOWER EXPRESS HOTEL
636,Praya,CV,75.74,clear sky,14.9215,-23.5087,LT Aparthotel
637,Ternate,ID,82.42,broken clouds,0.8,127.4,Sahid Bela Ternate Hotel
638,Novobataysk,RU,70.81,clear sky,46.8981,39.7819,Zagorodnyi dom
639,Labuhan,ID,81.97,broken clouds,-6.8844,112.2051,DoubleFAG
642,Tarapur,IN,79.0,light rain,19.85,72.7,Vasantshrushti Farm
643,Mandera,KE,74.5,overcast clouds,3.9366,41.867,Red Sea Resort & Suites Mandera County
645,Vercheres,CA,69.3,clear sky,45.7834,-73.3492,Motel Derfal
648,Carauari,BR,73.08,broken clouds,-4.8828,-66.8958,Hotel Fellip
649,Hohhot,CN,75.49,clear sky,40.8106,111.6522,Sheraton Hohhot Hotel
650,Manggar,ID,79.72,overcast clouds,-2.8833,108.2667,Guest Hotel
651,Lincoln,US,84.11,clear sky,40.8,-96.667,Courtyard by Marriott Lincoln Downtown/Haymarket
654,Columbia,US,82.04,clear sky,34.0007,-81.0348,Hampton Inn Columbia-Downtown Historic District
655,Tukrah,LY,74.86,clear sky,32.5341,20.5791,Lagrota restaurant
656,Cabedelo,BR,74.07,few clouds,-6.9811,-34.8339,Pousada Camboinha
657,Bom Jesus,BR,71.51,scattered clouds,-9.0744,-44.3586,Hotel Bras√£o & Floricultura Bella Flor
658,Yenotayevka,RU,76.62,overcast clouds,47.2456,47.0281,Hotel Voyage
659,Tamandare,BR,74.79,few clouds,-8.7597,-35.1047,Pousada 100 Passos
660,Khalabat,PK,80.38,moderate rain,34.06,72.8894,Markazi JamiA MasjaD Anora
661,Ambilobe,MG,67.24,clear sky,-13.2,49.05,H√¥tel & Restaurant DIANA Ambilobe
665,Shingu,JP,83.97,broken clouds,33.7333,135.9833,Shingu UI Hotel
667,Ikom,NG,71.78,overcast clouds,5.9667,8.7063,Ebenezer Beim excellence hotel
668,Luanda,AO,71.6,broken clouds,-8.8368,13.2343,EPIC SANA Luanda
669,Wamba,NG,71.94,moderate rain,8.9333,8.6,Roma Zee Guest House Annex
670,Kvarkeno,RU,69.89,scattered clouds,52.0833,59.725,"Ooo ""Kvarkeno"""
671,Roma,US,69.64,overcast clouds,43.2128,-75.4557,Wingate By Wyndham Rome
673,Tual,ID,78.85,moderate rain,-5.6667,132.75,Grand Vilia Hotel
677,Cap Malheureux,MU,68.47,overcast clouds,-19.9842,57.6142,Pereybere Hotel & Spa
679,Dakar,SN,80.73,broken clouds,14.6937,-17.4441,Novotel Dakar
684,Xining,CN,67.44,few clouds,36.6167,101.7667,Super Leisure Hotel
687,Thesprotikon,GR,65.23,clear sky,39.25,20.7847,TO KASTRI
690,Torquay,GB,66.69,overcast clouds,50.4638,-3.5143,The Grand Hotel
691,Midyat,TR,76.93,clear sky,37.4247,41.3393,Hotel Kasr-i Nehroz
692,Solnechnyy,RU,66.07,overcast clouds,50.7214,136.6319,Hotel complex Pastoral
694,Makakilo City,US,84.52,overcast clouds,21.3469,-158.0858,Marriott's Ko Olina Beach Club
695,Yafran,LY,68.29,clear sky,32.0633,12.5286,ÿ®ŸäŸàÿ™ ÿßŸÑÿ¥ÿ®ÿßÿ® ÿ®ŸäŸÅÿ±ŸÜ
698,Cockburn Town,TC,81.63,few clouds,21.4612,-71.1419,Osprey Beach Hotel
699,Namuac,PH,83.1,heavy intensity rain,18.6109,121.1657,Mlin Hotel
700,Berberati,CF,69.35,overcast clouds,4.2612,15.7922,MAIRIE DE BERBERATI
701,Indiaroba,BR,70.97,broken clouds,-11.5192,-37.5117,Pura Vida Bahia
