,City,Country,Lat,Lng,Max Temp,Humidity,Cloudiness,Wind Speed,Current Description
0,Mount Isa,AU,-20.7333,139.5,62.37,27,0,16.11,clear sky
1,Nikolskoye,RU,59.7035,30.7861,63.81,98,19,4.76,few clouds
2,Srednekolymsk,RU,67.45,153.6833,76.26,44,100,8.48,overcast clouds
3,Bluff,NZ,-46.6,168.3333,44.8,92,100,22.35,moderate rain
4,Port Lincoln,AU,-34.7333,135.8667,56.64,61,100,8.5,overcast clouds
5,Arraial Do Cabo,BR,-22.9661,-42.0278,71.46,85,52,20.51,broken clouds
6,Alice Springs,AU,-23.7,133.8833,53.15,54,0,14.97,clear sky
7,Tuatapere,NZ,-46.1333,167.6833,43.61,94,100,9.73,overcast clouds
8,Ahuimanu,US,21.4447,-157.8378,85.71,75,75,17.27,light rain
9,Rawson,AR,-43.3002,-65.1023,43.77,53,11,16.17,few clouds
10,Kapaa,US,22.0752,-159.319,84.52,71,20,13.8,few clouds
11,Kushmurun,KZ,52.4503,64.6311,67.26,86,57,6.53,broken clouds
12,Rikitea,PF,-23.1203,-134.9692,75.13,73,24,12.1,few clouds
13,Lata,PT,40.1629,-8.3327,76.08,29,100,2.98,overcast clouds
14,Codrington,AU,-38.2667,141.9667,54.01,61,36,12.19,scattered clouds
15,Flin Flon,CA,54.7682,-101.865,77.79,37,62,5.01,broken clouds
16,Vaini,TO,-21.2,-175.2,80.76,74,20,9.22,few clouds
17,Busselton,AU,-33.65,115.3333,55.31,79,20,8.9,few clouds
18,Myaundzha,RU,63.0494,147.1858,71.89,63,100,18.23,light rain
19,Mataura,NZ,-46.1927,168.8643,44.47,98,100,6.91,light rain
20,Jega,NG,12.2175,4.3792,79.02,78,100,6.71,light rain
21,Laguna,US,38.421,-121.4238,100.15,30,0,12.66,clear sky
22,Dunedin,NZ,-45.8742,170.5036,44.44,95,100,22.39,overcast clouds
23,Faanui,PF,-16.4833,-151.75,78.76,66,0,7.81,clear sky
24,Lagoa,PT,39.05,-27.9833,69.04,92,100,9.89,overcast clouds
25,Phonhong,LA,18.5007,102.4166,77.67,93,100,1.83,overcast clouds
26,Provideniya,RU,64.3833,-173.3,50.36,81,0,13.42,clear sky
27,New Norfolk,AU,-42.7826,147.0587,48.92,76,20,2.82,few clouds
28,Hithadhoo,MV,-0.6,73.0833,83.41,72,17,13.62,few clouds
29,Awbari,LY,26.5921,12.7805,81.01,27,0,16.08,clear sky
30,Haimen,CN,23.1935,116.6142,87.69,76,27,3.04,scattered clouds
31,Kula,TR,38.5473,28.6498,63.01,65,0,4.29,clear sky
32,Chokurdakh,RU,70.6333,147.9167,50.86,75,100,7.34,overcast clouds
33,Albany,US,42.6001,-73.9662,75.61,75,2,6.98,clear sky
34,Port Macquarie,AU,-31.4333,152.9167,58.21,63,56,14.29,broken clouds
35,Haines Junction,CA,60.7522,-137.5108,48.15,93,100,1.14,overcast clouds
36,Glenwood Springs,US,39.5505,-107.3248,92.32,27,40,4.61,scattered clouds
37,Nishihara,JP,26.1842,127.7558,91.45,70,20,8.05,few clouds
38,Qaanaaq,GL,77.484,-69.3632,40.98,76,99,3.96,overcast clouds
39,Atuona,PF,-9.8,-139.0333,77.77,78,22,19.6,few clouds
40,Kahului,US,20.8947,-156.47,84.22,73,40,21.85,scattered clouds
41,Ushuaia,AR,-54.8,-68.3,37.06,87,75,9.22,light intensity drizzle
42,Taltal,CL,-25.4,-70.4833,56.43,78,4,1.36,clear sky
43,Airai,TL,-8.9266,125.4092,62.83,62,100,3.76,overcast clouds
44,Tiksi,RU,71.6872,128.8694,36.28,94,100,7.78,overcast clouds
45,Los Llanos De Aridane,ES,28.6585,-17.9182,67.75,88,100,8.05,overcast clouds
46,Gusau,NG,12.1628,6.6614,76.77,80,99,10.38,overcast clouds
47,Dikson,RU,73.5069,80.5464,39.79,83,12,1.54,few clouds
48,Aleksinac,RS,43.5417,21.7078,53.89,53,86,2.13,overcast clouds
49,Paamiut,GL,61.994,-49.6678,41.27,94,82,12.01,broken clouds
50,Hilo,US,19.7297,-155.09,85.28,77,100,12.66,overcast clouds
51,Ponta Do Sol,PT,32.6667,-17.1,68.72,68,48,2.98,scattered clouds
52,Hualmay,PE,-11.0964,-77.6139,61.7,79,2,9.55,clear sky
53,Turukhansk,RU,65.8167,87.9833,47.61,64,100,9.89,overcast clouds
54,Adrar,MR,20.5022,-10.0711,91.44,7,0,7.52,clear sky
55,Kunashak,RU,55.7032,61.5498,63.12,83,36,4.14,scattered clouds
56,Coquimbo,CL,-29.9533,-71.3436,53.33,82,0,2.3,clear sky
57,Linhai,CN,28.85,121.1167,91.92,51,100,3.11,overcast clouds
58,Bridlington,GB,54.0831,-0.1919,63.14,82,0,9.35,clear sky
59,Acari,PE,-15.4311,-74.6158,62.69,79,30,2.86,scattered clouds
60,Cidreira,BR,-30.1811,-50.2056,52.61,70,85,7.94,overcast clouds
61,East London,ZA,-33.0153,27.9116,57.56,55,0,6.2,clear sky
62,Punta Arenas,CL,-53.15,-70.9167,37.51,93,100,17.27,light rain
63,Waingapu,ID,-9.6567,120.2641,78.4,60,84,16.28,broken clouds
64,Port Elizabeth,ZA,-33.918,25.5701,46.69,81,0,5.75,clear sky
65,Salacgriva,LV,57.7536,24.3581,60.89,97,30,4.81,scattered clouds
66,Georgetown,MY,5.4112,100.3354,78.89,96,40,3.44,scattered clouds
67,Saint-Philippe,RE,-21.3585,55.7679,67.59,66,79,11.16,broken clouds
68,Cape Town,ZA,-33.9258,18.4232,55.38,91,20,9.22,few clouds
69,Ponta Delgada,PT,37.7333,-25.6667,73.51,94,75,9.22,broken clouds
70,Dalvik,IS,65.9702,-18.5286,44.53,95,100,6.31,overcast clouds
71,Sompeta,IN,18.9333,84.6,79.79,89,100,9.13,overcast clouds
72,Hambantota,LK,6.1241,81.1185,79.14,89,20,10.36,few clouds
73,Khatanga,RU,71.9667,102.5,38.75,84,100,11.07,overcast clouds
74,El Tocuyo,VE,9.7873,-69.7937,71.64,80,100,5.97,overcast clouds
75,Puerto Ayora,EC,-0.7393,-90.3518,70.56,92,13,5.99,few clouds
76,Port Alfred,ZA,-33.5906,26.891,57.51,62,0,10.29,clear sky
77,Hermanus,ZA,-34.4187,19.2345,50.81,81,1,10.0,clear sky
78,Cabo San Lucas,MX,22.8909,-109.9124,88.9,42,0,17.27,clear sky
79,Vanimo,PG,-2.6741,141.3028,86.88,59,48,0.78,scattered clouds
80,College,US,64.8569,-147.8028,80.01,47,75,5.75,smoke
81,Maketu,NZ,-37.7667,176.45,64.24,93,100,13.2,overcast clouds
82,Barrow,US,71.2906,-156.7887,37.42,93,100,11.5,overcast clouds
83,Chuy,UY,-33.6971,-53.4616,41.22,82,0,4.97,clear sky
84,Castro,BR,-24.7911,-50.0119,52.12,79,20,1.63,few clouds
85,San Jose,US,37.3394,-121.895,84.85,54,20,16.11,few clouds
86,North Platte,US,41.1239,-100.7654,84.09,45,0,14.0,clear sky
87,Thompson,CA,55.7435,-97.8558,75.36,33,20,3.44,few clouds
88,Saskylakh,RU,71.9167,114.0833,47.28,59,100,13.47,overcast clouds
89,Wuwei,CN,37.9281,102.6414,76.98,43,100,1.92,overcast clouds
90,Jodhpur,IN,26.2867,73.03,79.54,89,100,4.94,overcast clouds
91,Millau,FR,44.0833,2.9167,68.13,54,2,4.0,clear sky
92,Pisco,PE,-13.7,-76.2167,60.85,82,100,11.5,overcast clouds
93,Tiarei,PF,-17.5333,-149.3333,73.42,78,24,11.41,light rain
94,Broome,US,42.2506,-75.833,72.81,73,0,14.97,clear sky
95,Mareeba,AU,-17.0,145.4333,72.48,59,48,2.84,scattered clouds
96,Jamestown,US,42.097,-79.2353,72.99,68,100,5.75,overcast clouds
97,Mehamn,NO,71.0357,27.8492,67.95,64,100,12.66,overcast clouds
98,Constitucion,CL,-35.3333,-72.4167,49.46,82,39,6.91,scattered clouds
99,Yellowknife,CA,62.456,-114.3525,70.32,52,75,0.0,smoke
100,Avera,US,33.194,-82.5271,78.85,77,100,3.8,light rain
101,Subate,LV,56.0062,25.9076,51.13,99,31,5.73,scattered clouds
102,Kpandae,GH,8.4689,-0.0113,72.18,95,68,6.53,broken clouds
103,Sur,OM,22.5667,59.5289,87.35,73,99,3.06,overcast clouds
104,Champerico,GT,14.3,-91.9167,80.74,76,94,6.8,overcast clouds
105,Lamballe,FR,48.4676,-2.5144,70.74,86,23,2.89,few clouds
106,Santarem,BR,-2.4431,-54.7083,78.93,94,40,2.3,thunderstorm
107,Eston,CA,51.1501,-108.7514,84.92,32,100,10.49,overcast clouds
108,Opuwo,NA,-18.0607,13.84,59.29,38,0,6.53,clear sky
109,Bredasdorp,ZA,-34.5322,20.0403,46.94,90,2,5.01,clear sky
110,Matagami,CA,49.7502,-77.6328,60.91,67,0,13.8,clear sky
111,Sobolevo,RU,54.4299,31.8996,54.39,83,100,16.04,overcast clouds
112,Abu Kamal,SY,34.4506,40.9171,85.37,37,0,13.47,clear sky
113,Pingliang,CN,35.5392,106.6861,67.14,90,100,1.36,overcast clouds
114,Tyshkivka,UA,48.4967,30.9423,53.11,71,6,8.55,clear sky
115,Devonport,AU,-41.1667,146.35,53.02,72,7,4.0,clear sky
116,Bethel,US,41.3712,-73.414,79.65,95,100,9.84,overcast clouds
117,Camacha,PT,33.0833,-16.3333,63.82,77,20,8.05,few clouds
118,Victoria,HK,22.2855,114.1577,89.33,73,80,5.01,broken clouds
119,Amot,NO,59.5714,7.9877,51.51,91,23,3.06,few clouds
120,Torbay,CA,47.6666,-52.7314,56.28,91,20,12.66,few clouds
121,Holme,DK,56.1138,10.1725,63.97,88,100,8.3,overcast clouds
122,Poronaysk,RU,49.2167,143.1167,62.13,92,100,3.98,overcast clouds
123,Impfondo,CG,1.6381,18.0667,72.0,79,87,2.44,overcast clouds
124,Mezdra,BG,43.15,23.7,57.87,51,31,5.12,scattered clouds
125,Jesup,US,31.6074,-81.8854,78.35,88,0,0.0,clear sky
126,Dabakala,CI,8.3667,-4.4333,71.44,97,100,6.91,overcast clouds
127,La Asuncion,VE,11.0333,-63.8628,74.93,94,100,5.75,overcast clouds
128,Tasiilaq,GL,65.6145,-37.6368,44.76,81,98,5.39,overcast clouds
129,Butaritari,KI,3.0707,172.7902,82.29,72,100,17.2,overcast clouds
130,Grand Gaube,MU,-20.0064,57.6608,68.4,68,95,3.0,overcast clouds
131,Saint George,US,37.1041,-113.5841,108.19,12,0,0.0,clear sky
132,Mahebourg,MU,-20.4081,57.7,68.29,83,40,10.36,scattered clouds
133,Launceston,AU,-41.45,147.1667,51.62,70,40,10.36,scattered clouds
134,Tenosique,MX,17.4833,-91.4333,73.0,96,100,3.33,overcast clouds
135,Chapais,CA,49.7834,-74.8492,64.18,73,30,9.84,scattered clouds
136,Caravelas,BR,-17.7125,-39.2481,69.78,80,59,5.17,broken clouds
137,San Patricio,US,28.017,-97.5169,90.18,68,3,8.46,clear sky
138,Winnemucca,US,40.973,-117.7357,102.25,8,0,10.36,clear sky
139,Fortuna,US,40.5982,-124.1573,64.85,86,100,7.83,overcast clouds
140,Maarianhamina,AX,60.0973,19.9348,48.06,100,78,1.14,broken clouds
141,Kodiak,US,57.79,-152.4072,54.91,88,100,10.36,mist
142,Zaozerne,UA,45.1582,33.2787,66.47,64,0,2.55,clear sky
143,Chumikan,RU,54.7183,135.315,60.44,84,100,9.71,overcast clouds
144,Souillac,MU,-20.5167,57.5167,68.38,83,40,10.36,scattered clouds
145,Tuktoyaktuk,CA,69.4541,-133.0374,42.8,100,100,10.36,mist
146,Ribeira Grande,PT,38.5167,-28.7,70.11,91,95,8.61,overcast clouds
147,Severo-Kurilsk,RU,50.6789,156.125,56.12,89,64,0.87,broken clouds
148,Valera,VE,9.3178,-70.6036,71.69,85,85,6.17,overcast clouds
149,Lebu,CL,-37.6167,-73.65,47.86,70,100,6.04,overcast clouds
150,Half Moon Bay,US,37.4636,-122.4286,80.55,79,100,12.66,overcast clouds
151,Mercato San Severino,IT,40.7812,14.7569,73.15,73,7,7.0,clear sky
152,Broken Hill,AU,-31.95,141.4333,51.13,59,6,19.35,clear sky
153,Pevek,RU,69.7008,170.3133,34.21,96,100,17.72,overcast clouds
154,Nipawin,CA,53.3668,-104.0009,77.04,57,0,5.75,clear sky
155,Rodrigues Alves,BR,-7.738,-72.6509,74.77,86,84,1.59,broken clouds
156,Khategaon,IN,22.6,76.9167,77.02,92,100,7.18,moderate rain
157,Hasaki,JP,35.7333,140.8333,77.4,91,100,6.89,overcast clouds
158,Hobart,AU,-42.8794,147.3294,49.26,79,75,5.75,broken clouds
159,Dayong,CN,25.0209,118.2898,90.72,55,1,2.8,clear sky
160,Salalah,OM,17.0151,54.0924,77.09,94,100,6.91,overcast clouds
161,Maniitsoq,GL,65.4167,-52.9,41.52,97,100,13.44,light rain
162,Bengkulu,ID,-3.8004,102.2655,77.45,84,100,2.53,overcast clouds
163,Tateyama,JP,34.9833,139.8667,77.05,87,82,4.88,broken clouds
164,Salinas,US,36.6777,-121.6555,74.21,68,100,12.66,overcast clouds
165,Sistranda,NO,63.7256,8.834,55.36,81,100,20.51,overcast clouds
166,Krasnyy Chikoy,RU,50.3643,108.7512,71.37,51,3,2.15,clear sky
167,Mnogovershinnyy,RU,53.9353,139.9242,70.97,73,100,2.17,overcast clouds
168,Kruisfontein,ZA,-34.0033,24.7314,50.54,53,0,7.36,clear sky
169,Carnarvon,AU,-24.8667,113.6333,70.74,63,5,10.02,clear sky
170,Chara,RU,56.9064,118.2631,66.96,67,100,2.17,light rain
171,Faya,SA,18.3851,42.4509,64.51,36,100,3.38,light rain
172,Kaitangata,NZ,-46.2817,169.8464,42.89,96,100,14.25,overcast clouds
173,Kuah,MY,6.3265,99.8432,85.98,74,40,8.05,scattered clouds
174,Itacare,BR,-14.2775,-38.9967,70.7,78,31,5.06,scattered clouds
175,Klaksvik,FO,62.2266,-6.589,50.92,94,100,22.39,light rain
176,Muriwai Beach,NZ,-36.8167,174.45,59.95,90,100,15.64,overcast clouds
177,Karla,EE,59.3723,24.9275,66.16,95,0,2.3,clear sky
178,Ust-Nera,RU,64.5667,143.2,63.72,95,100,2.59,light rain
179,Avarua,CK,-21.2078,-159.775,75.25,73,75,12.66,broken clouds
180,Wanning,CN,18.8003,110.3967,83.44,85,100,7.63,overcast clouds
181,Havelock,US,34.8791,-76.9013,84.18,90,0,10.36,clear sky
182,Beringovskiy,RU,63.05,179.3167,63.3,63,51,10.29,light rain
183,Itarema,BR,-2.9248,-39.9167,77.52,87,12,12.5,few clouds
184,Vao,NC,-22.6667,167.4833,73.42,87,100,17.18,light rain
185,Upernavik,GL,72.7868,-56.1549,42.39,85,99,4.0,overcast clouds
186,Mangochi,MW,-14.4782,35.2645,64.62,67,47,4.79,scattered clouds
187,Wladyslawowo,PL,54.7909,18.4009,63.01,84,53,15.3,broken clouds
188,Rocha,UY,-34.4833,-54.3333,37.9,86,1,4.29,clear sky
189,Acarau,BR,-2.8856,-40.12,77.7,87,12,13.58,few clouds
190,Pacific Grove,US,36.6177,-121.9166,68.81,84,40,11.5,scattered clouds
191,Westport,US,41.1415,-73.3579,79.09,84,40,6.91,scattered clouds
192,Luebo,CD,-5.35,21.4167,67.15,45,3,1.36,clear sky
193,Marystown,CA,47.1666,-55.1483,60.85,100,80,3.0,broken clouds
194,Conde,BR,-7.2597,-34.9075,72.86,94,0,4.61,clear sky
195,Gidole,ET,5.65,37.3667,56.05,62,95,4.03,overcast clouds
196,Shelburne,CA,44.0787,-80.2041,61.56,91,61,7.49,broken clouds
197,Fonte Boa,BR,-2.4959,-66.2662,72.79,97,33,0.25,scattered clouds
198,Ak-Dovurak,RU,51.1833,90.6,62.4,72,100,4.07,overcast clouds
199,The Valley,AI,18.217,-63.0578,82.81,78,100,14.97,overcast clouds
200,Ketchikan,US,55.3422,-131.6461,55.87,94,100,12.66,overcast clouds
201,West Wendover,US,40.7391,-114.0733,92.41,15,0,5.75,clear sky
202,Saint Anthony,US,45.0205,-93.218,76.48,83,20,10.36,few clouds
203,Mengcheng,CN,33.2579,116.5655,94.37,58,67,9.71,broken clouds
204,Bubaque,GW,11.2833,-15.8333,80.26,83,76,10.65,light rain
205,Sebastian,US,35.1668,-94.2669,90.16,76,14,3.18,few clouds
206,Bathsheba,BB,13.2167,-59.5167,83.01,85,20,19.57,few clouds
207,Narsaq,GL,60.9167,-46.05,46.62,82,16,1.36,few clouds
208,Angoche,MZ,-16.2325,39.9086,70.65,75,3,6.69,clear sky
209,Warri,NG,5.5167,5.75,73.99,90,100,3.27,overcast clouds
210,Bolshoye Nagatkino,RU,54.5196,47.9679,66.85,82,93,5.3,overcast clouds
211,Cherskiy,RU,68.75,161.3,62.11,56,40,14.83,scattered clouds
212,Shihezi,CN,44.3,86.0333,81.81,26,84,14.88,broken clouds
213,Awjilah,LY,29.1081,21.2869,74.77,70,1,6.62,clear sky
214,Tiznit,MA,29.5833,-9.5,76.35,53,22,1.36,few clouds
215,Farafangana,MG,-22.8167,47.8333,63.77,93,23,4.63,few clouds
216,Chancay,PE,-11.5714,-77.2672,59.68,86,5,6.08,clear sky
217,Hamilton,US,39.1834,-84.5333,80.04,61,20,11.5,few clouds
218,Geraldton,AU,-28.7667,114.6,57.61,77,95,4.61,overcast clouds
219,Ugoofaaru,MV,5.6667,73.0,81.75,75,98,12.21,overcast clouds
220,Kavieng,PG,-2.5744,150.7967,84.97,68,14,9.35,few clouds
221,Northam,GB,51.0333,-4.2167,66.38,87,62,4.29,broken clouds
222,Bowen,AU,-20.0167,148.2333,68.74,42,0,9.1,clear sky
223,Yarmouth,US,41.7057,-70.2286,75.15,89,0,19.57,clear sky
224,Dongsheng,CN,39.8161,109.9776,78.57,43,58,2.04,broken clouds
225,Cortez,US,37.3489,-108.5859,79.56,32,100,17.27,overcast clouds
226,Dumas,US,35.8656,-101.9732,86.61,37,0,6.91,clear sky
227,Puerto El Triunfo,SV,13.2833,-88.55,79.38,81,55,2.01,broken clouds
228,Ambon,ID,-3.6954,128.1814,78.24,15,95,11.14,light rain
229,Husavik,IS,66.0449,-17.3389,43.27,85,100,16.87,overcast clouds
230,Owando,CG,-0.4819,15.8999,74.39,61,100,3.02,overcast clouds
231,Beroroha,MG,-21.6667,45.1667,58.24,87,0,2.57,clear sky
232,Lorengau,PG,-2.0226,147.2712,85.24,69,26,10.27,scattered clouds
233,Jiangkou,CN,25.4872,119.1986,86.99,61,4,7.43,clear sky
234,Walvis Bay,NA,-22.9575,14.5053,54.09,93,0,6.91,clear sky
235,Nantucket,US,41.2835,-70.0995,73.99,94,0,16.11,clear sky
236,Cayenne,GF,4.9333,-52.3333,83.08,1,100,1.01,overcast clouds
237,Ilulissat,GL,69.2167,-51.1,44.62,81,92,2.3,overcast clouds
238,Chicama,PE,-7.8447,-79.1469,59.54,82,15,5.57,few clouds
239,Goderich,CA,43.7501,-81.7165,62.92,82,71,2.3,broken clouds
240,Poum,NC,-20.2333,164.0167,77.31,83,95,17.96,overcast clouds
241,Port Hedland,AU,-20.3167,118.5667,71.65,24,11,19.57,few clouds
242,Erzin,TR,36.9559,36.2,73.08,91,17,1.23,few clouds
243,Mujiayingzi,CN,42.1167,118.7833,84.87,44,50,8.03,scattered clouds
244,Merseburg,DE,51.3667,12.0,65.01,72,0,5.75,clear sky
245,Bilma,NE,18.6853,12.9164,89.96,15,74,19.51,broken clouds
246,Brazzaville,CG,-4.2658,15.2832,68.31,100,11,3.44,few clouds
247,Omboue,GA,-1.5746,9.2618,69.67,92,70,5.39,broken clouds
248,Monastyrshchina,RU,54.3496,31.838,54.84,80,100,16.37,overcast clouds
249,Caracuaro,MX,19.0106,-101.1264,80.11,71,92,2.21,overcast clouds
250,Mazyr,BY,52.0495,29.2456,54.34,97,100,16.37,light rain
251,Muros,ES,42.7762,-9.0603,74.16,79,15,6.87,few clouds
252,Bambous Virieux,MU,-20.3428,57.7575,68.25,83,40,10.36,light rain
253,Kyshtovka,RU,56.555,76.6271,60.3,73,85,3.89,overcast clouds
254,Batouri,CM,4.4333,14.3667,67.71,98,99,3.31,overcast clouds
255,Gushikawa,JP,26.3544,127.8686,91.4,71,0,8.05,clear sky
256,Kayerkan,RU,69.3497,87.7602,48.52,75,22,20.49,few clouds
257,Luderitz,NA,-26.6481,15.1594,54.88,66,0,14.41,clear sky
258,Mogadouro,PT,41.3403,-6.7119,76.01,30,73,6.67,broken clouds
259,Bereda,ES,43.2686,-7.5406,70.41,100,6,0.78,clear sky
260,Bajil,YE,15.0584,43.2851,91.13,39,100,6.13,overcast clouds
261,Seoul,KR,37.5683,126.9778,74.8,94,100,10.36,heavy intensity rain
262,North Bend,US,43.4065,-124.2243,69.24,87,100,16.11,overcast clouds
263,Puerto Madero,MX,14.7208,-92.4215,82.6,100,100,0.0,overcast clouds
264,Phangnga,TH,8.4509,98.5298,77.04,92,100,6.64,overcast clouds
265,Touros,BR,-5.1989,-35.4608,75.13,88,5,11.07,clear sky
266,Zyryanka,RU,65.75,150.85,75.87,59,100,9.4,overcast clouds
267,Mayumba,GA,-3.432,10.6554,68.5,94,22,4.03,few clouds
268,Goure,NE,13.9835,10.2704,89.62,36,34,8.61,scattered clouds
269,Masallatah,LY,32.6167,14.0,71.29,68,0,8.01,clear sky
270,Vagur,FO,61.4732,-6.8119,50.23,94,100,30.74,light rain
271,Oriximina,BR,-1.7656,-55.8661,79.59,75,91,3.65,overcast clouds
272,Svetlaya,RU,46.5389,138.3297,64.02,92,100,7.56,light rain
273,Beremend,HU,45.7911,18.4326,62.26,68,33,7.74,scattered clouds
274,Katobu,ID,-4.9408,122.5276,82.83,67,22,7.7,few clouds
275,Cumbum,IN,9.7333,77.3,74.34,82,100,10.89,overcast clouds
276,Yamada,JP,39.4667,141.95,71.28,95,100,5.08,light rain
277,Graaff-Reinet,ZA,-32.2522,24.5308,48.81,47,0,8.75,clear sky
278,Norman Wells,CA,65.282,-126.8329,59.04,77,75,20.71,broken clouds
279,Tangzhai,CN,34.4328,116.5911,83.41,75,89,5.1,overcast clouds
280,Zambezi,ZM,-13.5432,23.1047,54.14,58,0,6.91,clear sky
281,Buenos Aires,AR,-34.6132,-58.3772,48.9,69,0,10.36,clear sky
282,Eyemouth,GB,55.8713,-2.0901,56.23,76,72,16.44,broken clouds
283,Harlingen,US,26.1906,-97.6961,89.56,44,0,16.11,clear sky
284,Portland,US,45.5234,-122.6762,90.01,43,20,11.99,few clouds
285,Port Blair,IN,11.6667,92.75,82.47,81,100,19.71,overcast clouds
286,Ushtobe,KZ,45.2514,77.9838,76.05,40,100,13.56,overcast clouds
287,Petropavlovsk-Kamchatskiy,RU,53.0452,158.6483,70.39,68,20,8.95,few clouds
288,Dekar,BW,-21.5333,21.9333,53.98,43,0,7.18,clear sky
289,Wuan,CN,31.6836,112.0044,90.84,67,46,3.69,scattered clouds
290,Guerrero Negro,MX,27.9769,-114.0611,67.3,79,31,15.14,scattered clouds
291,Panguna,PG,-6.3164,155.4848,80.6,67,77,2.64,light rain
292,Turbat,PK,26.0023,63.044,83.55,82,67,4.79,broken clouds
293,Ostrovnoy,RU,68.0531,39.5131,56.75,98,98,5.53,light rain
294,Alofi,NU,-19.0595,-169.9187,80.49,74,16,18.41,few clouds
295,Ormara,PK,25.2088,64.6357,83.5,85,100,10.94,overcast clouds
296,Turiacu,BR,-1.6633,-45.3717,73.31,95,30,3.2,scattered clouds
297,Ahipara,NZ,-35.1667,173.1667,60.03,79,100,13.27,overcast clouds
298,Brokopondo,SR,4.75,-55.1667,76.6,89,100,7.47,overcast clouds
299,Banda Aceh,ID,5.5577,95.3222,82.49,75,100,12.41,overcast clouds
300,Barra Do Garcas,BR,-15.89,-52.2567,75.78,53,0,0.0,clear sky
301,Pouebo,NC,-20.4,164.5667,75.94,84,96,8.7,overcast clouds
302,Divnoye,RU,45.9089,43.3547,70.18,67,70,3.71,broken clouds
303,Porto Walter,BR,-8.2686,-72.7439,71.56,96,49,1.79,scattered clouds
304,Mormugao,IN,15.4,73.8,79.03,83,100,22.28,light rain
305,Powell River,CA,49.8496,-124.5361,73.08,73,75,9.22,broken clouds
306,Shache,CN,38.4167,77.2406,78.13,30,100,7.38,overcast clouds
307,Severnoye,RU,56.3491,78.3619,59.77,68,87,5.99,overcast clouds
308,Salinopolis,BR,-0.6136,-47.3561,77.04,88,45,7.61,scattered clouds
309,San Cristobal,VE,7.7669,-72.225,69.98,98,76,4.12,broken clouds
310,Lundazi,ZM,-12.2929,33.1782,58.14,72,29,9.35,scattered clouds
311,Charlestown,AU,-32.95,151.6667,59.11,61,89,15.01,overcast clouds
312,Bismarck,US,46.8083,-100.7837,80.44,50,0,10.36,clear sky
313,Ukiah,US,39.1502,-123.2078,93.43,41,0,14.97,clear sky
314,Swellendam,ZA,-34.0226,20.4417,46.51,71,0,3.04,clear sky
315,Krotoszyn,PL,51.6987,17.4374,54.95,85,10,10.74,clear sky
316,Vila Franca Do Campo,PT,37.7167,-25.4333,73.2,96,98,9.22,overcast clouds
317,Katherine,AU,-14.4667,132.2667,68.32,21,23,16.11,few clouds
318,Vestmanna,FO,62.1564,-7.1664,49.12,93,100,18.41,moderate rain
319,Kudahuvadhoo,MV,2.6708,72.8944,81.37,73,76,5.48,broken clouds
320,Puri,IN,19.8,85.85,81.12,80,45,10.76,moderate rain
321,Twentynine Palms,US,34.1356,-116.0542,104.14,16,90,5.99,overcast clouds
322,Buraydah,SA,26.326,43.975,82.85,17,88,5.93,overcast clouds
323,Chernyshevskiy,RU,63.0128,112.4714,56.32,49,91,5.75,overcast clouds
324,Ust-Tsilma,RU,65.441,52.1498,71.73,68,5,2.59,clear sky
325,Muswellbrook,AU,-32.2667,150.9,54.25,69,81,7.02,broken clouds
326,Chakwal,PK,32.9334,72.8585,83.93,71,100,7.43,overcast clouds
327,Wuzhou,CN,23.4833,111.3167,87.76,64,0,4.41,clear sky
328,Flinders,AU,-34.5833,150.8552,55.38,74,69,7.0,light rain
329,Innisfail,AU,-17.5333,146.0333,69.58,55,75,9.15,broken clouds
330,Lima,PE,-12.0432,-77.0282,59.25,84,75,10.36,broken clouds
331,Aykhal,RU,66.0,111.5,54.95,62,7,8.55,clear sky
332,Ostersund,SE,63.1792,14.6357,59.45,77,75,7.0,broken clouds
333,Rundu,NA,-17.9333,19.7667,52.48,50,0,4.83,clear sky
334,Williston,US,48.147,-103.618,77.74,51,44,6.35,scattered clouds
335,Balakhninskiy,RU,58.0106,114.2769,69.91,63,100,3.69,overcast clouds
336,Mar Del Plata,AR,-38.0023,-57.5575,46.09,70,0,15.01,clear sky
337,Clyde River,CA,70.4692,-68.5914,39.43,87,0,11.5,clear sky
338,Brigantine,US,39.4101,-74.3646,77.04,88,0,4.61,light rain
339,Yumen,CN,40.2833,97.2,82.29,18,6,10.33,clear sky
340,Olafsvik,IS,64.8945,-23.7142,47.23,71,26,8.59,scattered clouds
341,Amahai,ID,-3.3333,128.9167,78.94,86,99,5.84,overcast clouds
342,Magdagachi,RU,53.45,125.8,72.64,73,100,6.73,overcast clouds
343,Isangel,VU,-19.55,169.2667,80.71,89,75,4.61,broken clouds
344,Porto Novo,BJ,6.4965,2.6036,76.82,84,97,6.71,overcast clouds
345,Moree,AU,-29.4667,149.85,56.48,50,9,19.06,clear sky
346,Methoni,GR,36.8197,21.7049,75.22,64,0,5.95,clear sky
347,Nuuk,GL,64.1835,-51.7216,41.61,93,100,12.66,overcast clouds
348,Jumla,NP,29.2747,82.1838,64.15,96,97,2.59,overcast clouds
349,Ombessa,CM,4.603,11.2565,68.68,99,100,2.33,overcast clouds
350,Saldanha,ZA,-33.0117,17.9442,53.11,80,0,5.21,clear sky
351,Fort Nelson,CA,58.8053,-122.7002,67.59,37,75,4.61,broken clouds
352,Leshukonskoye,RU,64.8989,45.7622,68.47,73,3,5.26,clear sky
353,Huarmey,PE,-10.0681,-78.1522,62.19,82,0,8.63,clear sky
354,Nemuro,JP,43.3236,145.575,62.67,95,100,5.79,overcast clouds
355,Rudbar,AF,30.15,62.6,82.67,22,0,13.71,clear sky
356,Leningradskiy,RU,69.3833,178.4167,39.0,93,100,5.26,overcast clouds
357,Mouila,GA,-1.8685,11.0559,68.79,91,93,2.15,overcast clouds
358,Santa Vitoria Do Palmar,BR,-33.5189,-53.3681,40.75,83,0,4.47,clear sky
359,Sydney,AU,-33.8679,151.2073,58.32,63,75,21.85,broken clouds
360,Bantry,IE,51.6833,-9.45,55.78,94,66,5.97,broken clouds
361,Harindanga,IN,22.0383,88.3214,85.08,79,89,14.9,overcast clouds
362,Zaraza,VE,9.3503,-65.3245,73.72,90,83,4.5,broken clouds
363,Biltine,TD,14.5333,20.9167,83.32,54,91,8.97,overcast clouds
364,Nalut,LY,30.3333,10.85,78.33,34,0,11.72,clear sky
365,Evensk,RU,61.95,159.2333,58.64,79,52,7.07,broken clouds
366,Gilgit,PK,35.9221,74.3087,79.63,56,12,3.83,few clouds
367,Tripoli,LY,32.8752,13.1875,76.57,60,0,12.3,clear sky
368,Jaisalmer,IN,26.9147,70.9181,86.11,71,98,13.42,overcast clouds
369,Te Anau,NZ,-45.4167,167.7167,39.61,98,100,2.21,overcast clouds
370,Ballina,AU,-28.8667,153.5667,62.78,62,0,10.96,clear sky
371,Biak,ID,-0.9131,122.8766,78.13,81,91,6.6,overcast clouds
372,Les Cayes,HT,18.2,-73.75,78.82,82,0,4.03,clear sky
373,Mungwi,ZM,-10.1732,31.3694,54.95,77,67,4.05,broken clouds
374,Dongli,CN,23.5656,116.8194,87.78,66,40,2.24,scattered clouds
375,Naze,JP,28.3667,129.4833,85.12,77,100,7.63,overcast clouds
376,Nanakuli,US,21.3906,-158.1547,85.95,59,100,9.22,overcast clouds
377,Dawson Creek,CA,55.7666,-120.2362,64.04,59,20,5.75,few clouds
378,Kahramanmaras,TR,38.0,37.0,59.77,69,0,6.02,clear sky
379,Samarai,PG,-10.6167,150.6667,79.92,82,64,12.33,broken clouds
380,Batagay-Alyta,RU,67.8006,130.4114,66.94,54,20,8.84,few clouds
381,Yulara,AU,-25.2406,130.9889,55.85,41,0,14.47,clear sky
382,Miramar,US,25.9873,-80.2323,86.02,75,0,10.36,clear sky
383,Mogadishu,SO,2.0371,45.3438,75.49,80,84,17.92,broken clouds
384,Wellington,NZ,-41.2866,174.7756,59.05,81,7,28.77,clear sky
385,Puerto Narino,CO,-3.7703,-70.3831,75.94,79,98,2.53,overcast clouds
386,Qaqortoq,GL,60.7167,-46.0333,42.76,86,2,4.88,clear sky
387,Quatre Cocos,MU,-20.2078,57.7625,68.11,73,84,14.25,light rain
388,Malakal,SS,9.5334,31.6605,70.54,90,84,2.8,broken clouds
389,Bria,CF,6.5423,21.9863,68.54,97,100,3.04,overcast clouds
390,Cabra,ES,37.4725,-4.4421,75.29,40,98,5.88,overcast clouds
391,Daru,PG,-9.0763,143.2092,80.64,73,99,14.14,overcast clouds
392,Perth,AU,-31.9333,115.8333,58.03,70,0,12.66,clear sky
393,Noumea,NC,-22.2763,166.4572,73.0,99,100,1.95,light rain
394,Milkovo,RU,54.7167,158.6167,87.48,55,15,1.95,few clouds
395,Katsuura,JP,35.1333,140.3,76.93,89,78,6.4,broken clouds
396,Raga,SS,8.4596,25.678,68.65,98,100,3.22,overcast clouds
397,Abbeville,FR,50.1,1.8333,70.5,39,100,5.7,overcast clouds
398,Yar-Sale,RU,66.8333,70.8333,54.5,51,100,8.59,overcast clouds
399,La Ronge,CA,55.1001,-105.2842,79.05,34,0,11.5,clear sky
400,Sao Joao Do Paraiso,BR,-15.3136,-42.0144,66.83,72,68,4.81,broken clouds
401,Vicuna,CL,-30.0319,-70.7081,46.13,37,5,0.18,clear sky
402,Merauke,ID,-8.4667,140.3333,80.42,72,100,12.8,overcast clouds
403,Moose Factory,CA,51.2585,-80.6094,59.0,58,0,12.66,clear sky
404,Salgar,CO,5.965,-75.9654,64.99,99,100,2.77,overcast clouds
405,Cherepovets,RU,59.1333,37.9,60.73,95,1,4.76,clear sky
406,Xuddur,SO,4.1213,43.8894,67.64,65,47,18.63,scattered clouds
407,Sao Filipe,CV,14.8961,-24.4956,75.04,82,37,6.42,scattered clouds
408,Kutum,SD,14.2,24.6667,74.17,70,83,12.01,light rain
409,Kokkola,FI,63.8385,23.1307,64.92,95,0,2.3,clear sky
410,Nouadhibou,MR,20.931,-17.0347,71.58,83,17,18.41,sand
411,Urumqi,CN,43.801,87.6005,72.55,43,0,6.71,clear sky
412,Bardiyah,LY,31.7561,25.0865,75.58,71,0,12.12,clear sky
413,Asfi,MA,32.2994,-9.2372,69.49,87,9,7.36,clear sky
414,Batagay,RU,67.6333,134.6333,70.14,49,3,10.16,clear sky
415,Maragogi,BR,-9.0122,-35.2225,74.61,88,27,6.58,scattered clouds
416,Maningrida,AU,-12.0667,134.2667,78.62,31,77,14.29,broken clouds
417,Vilyuysk,RU,63.7553,121.6247,77.97,50,51,2.24,broken clouds
418,Toamasina,MG,-18.1667,49.3833,66.2,94,75,2.3,broken clouds
419,Namibe,AO,-15.1961,12.1522,61.12,91,2,4.21,clear sky
420,Itupiranga,BR,-5.1347,-49.3267,75.52,60,42,1.25,scattered clouds
421,Hervey Bay,AU,-25.2986,152.8535,61.29,51,0,16.87,clear sky
422,Comodoro Rivadavia,AR,-45.8667,-67.5,39.06,65,0,17.27,clear sky
423,Longyearbyen,SJ,78.2186,15.6401,46.24,93,75,0.0,broken clouds
424,Bairiki,KI,1.3292,172.9752,86.0,70,20,13.8,few clouds
425,Vryburg,ZA,-26.9566,24.7284,48.45,42,0,3.87,clear sky
426,Brae,GB,60.3964,-1.353,52.72,81,100,22.35,light rain
427,Grindavik,IS,63.8424,-22.4338,46.35,87,20,6.91,few clouds
428,Nizwa,OM,22.9333,57.5333,84.88,67,100,0.67,overcast clouds
429,Jalu,LY,29.0331,21.5482,75.04,69,2,7.31,clear sky
430,Itaituba,BR,-4.2761,-55.9836,79.05,69,92,0.92,overcast clouds
431,Southbridge,US,42.0751,-72.0334,73.42,96,100,4.0,light rain
432,Progreso,MX,21.2833,-89.6667,87.91,76,100,12.33,overcast clouds
433,Aksarka,RU,66.5606,67.7975,55.08,84,100,7.85,light rain
434,Buala,SB,-8.145,159.5921,84.15,71,83,11.18,light rain
435,Palmer,US,42.1584,-72.3287,73.81,87,75,3.44,broken clouds
436,Sardarshahr,IN,28.4333,74.4833,85.28,73,61,7.49,broken clouds
437,Ayia Galini,GR,35.1,24.6833,77.4,51,0,8.5,clear sky
438,Methven,NZ,-43.6333,171.65,44.85,91,98,6.22,overcast clouds
439,Port Hardy,CA,50.6996,-127.4199,59.18,72,75,6.91,broken clouds
440,Camopi,GF,3.1655,-52.3158,71.85,99,74,2.24,light rain
441,Sayansk,RU,54.1088,102.1648,66.97,51,93,1.32,overcast clouds
442,Gizo,SB,-8.103,156.8419,83.98,70,100,4.61,overcast clouds
443,Ginda,IN,30.6945,78.4932,70.95,75,20,2.98,few clouds
444,Mustafakemalpasa,TR,40.0353,28.4117,68.05,86,0,0.74,clear sky
445,Port-Gentil,GA,-0.7193,8.7815,72.37,83,95,11.52,overcast clouds
446,Romitan,UZ,39.9343,64.3814,71.55,49,0,9.22,clear sky
447,Kirakira,SB,-10.4544,161.9205,83.64,63,30,10.0,scattered clouds
448,Krosno,PL,49.6887,21.7706,60.46,100,100,15.77,overcast clouds
449,Ankang,CN,32.68,109.0172,88.57,71,98,1.57,overcast clouds
450,Lahat,ID,-3.8,103.5333,79.77,76,100,2.82,overcast clouds
451,Quimperle,FR,47.8667,-3.55,69.75,71,0,4.61,clear sky
452,Port Keats,AU,-14.25,129.55,75.24,20,97,12.39,overcast clouds
453,Changping,CN,40.2186,116.2197,82.04,47,1,1.61,clear sky
454,Kargil,IN,34.5667,76.1,55.98,56,1,4.99,clear sky
455,Verpelet,HU,47.85,20.2333,56.25,64,69,6.93,broken clouds
456,Aklavik,CA,68.2191,-135.0107,55.35,56,55,15.55,broken clouds
457,Vilhena,BR,-12.7406,-60.1458,67.98,63,81,2.89,broken clouds
458,Sibolga,ID,1.7427,98.7792,80.69,80,100,1.25,overcast clouds
459,Eldorado,BR,-23.7869,-54.2836,54.09,82,98,3.6,overcast clouds
460,Pangnirtung,CA,66.1451,-65.7125,47.21,93,100,2.3,overcast clouds
461,Kenai,US,60.5544,-151.2583,64.49,67,100,4.61,overcast clouds
462,Salo,IT,45.6086,10.531,73.38,74,6,4.74,clear sky
463,Kogon,UZ,39.7228,64.5517,71.64,49,0,9.22,clear sky
464,Axim,GH,4.8699,-2.2405,74.93,81,100,8.05,overcast clouds
465,Celestun,MX,20.8667,-90.4,83.3,74,100,9.26,overcast clouds
466,Mount Gambier,AU,-37.8333,140.7667,53.04,65,69,5.1,broken clouds
467,Riviere-Du-Loup,CA,47.8304,-69.5342,68.27,77,79,6.91,broken clouds
468,Kanniyakumari,IN,8.0833,77.5667,79.3,80,100,21.68,overcast clouds
469,Barra Do Corda,BR,-5.5,-45.25,74.62,70,49,2.68,scattered clouds
470,Saint-Pierre,RE,-21.3393,55.4781,67.91,77,100,20.71,overcast clouds
471,La Paz Centro,NI,12.34,-86.6753,79.45,78,41,7.34,scattered clouds
472,Takhtamygda,RU,54.1,123.5667,62.89,99,100,5.55,light rain
473,Waterloo,CA,43.4668,-80.5164,67.87,68,75,3.44,broken clouds
474,Fallon,US,39.4735,-118.7774,100.27,8,40,10.36,smoke
475,Itabera,BR,-23.8619,-49.1372,59.47,95,32,7.56,scattered clouds
476,San Carlos,VE,9.6612,-68.5827,70.2,91,98,2.68,overcast clouds
477,Sao Miguel Do Araguaia,BR,-13.275,-50.1628,72.07,37,1,3.47,clear sky
478,Ulladulla,AU,-35.35,150.4667,55.74,57,70,9.73,broken clouds
479,Merrill,US,45.1805,-89.6835,66.15,97,100,4.61,overcast clouds
480,Medicine Hat,CA,50.0501,-110.6683,91.83,21,20,13.8,few clouds
481,Paratinga,BR,-12.6906,-43.1842,72.97,61,12,3.76,few clouds
482,Okakarara,NA,-20.5833,17.4333,49.89,51,0,6.06,clear sky
483,Adamovka,RU,51.5223,59.9396,71.46,67,7,7.31,clear sky
484,Okahandja,NA,-21.9833,16.9167,51.24,46,0,6.71,clear sky
485,Zhigansk,RU,66.7697,123.3711,67.84,62,34,7.02,scattered clouds
486,Mpanda,TZ,-6.3655,31.0409,60.78,68,37,3.0,scattered clouds
487,Praia,CV,14.9215,-23.5087,75.74,78,0,6.91,clear sky
488,Sitka,US,57.0531,-135.33,55.29,76,100,0.0,light rain
489,Tura,IN,25.5198,90.2201,81.95,76,100,3.04,overcast clouds
490,Acapulco,MX,16.8634,-99.8901,84.02,79,100,5.75,overcast clouds
491,Pathri,IN,19.25,76.45,71.74,95,100,18.03,moderate rain
492,Kharp,RU,66.8014,65.8081,52.3,94,100,4.54,light rain
493,Severobaykalsk,RU,55.65,109.3167,54.64,86,76,2.39,light rain
494,Tampakan,PH,6.4442,124.9264,84.49,67,71,3.0,broken clouds
495,Cooma,AU,-36.2333,149.1333,42.85,71,97,10.04,overcast clouds
496,Fayaoue,NC,-20.65,166.5333,77.92,84,36,14.52,scattered clouds
497,Eganville,CA,45.5334,-77.0994,55.2,96,5,3.74,clear sky
498,Humaita,BR,-7.5061,-63.0208,73.11,95,87,2.68,overcast clouds
499,Fukue,JP,32.6881,128.8419,82.76,78,75,3.44,broken clouds
500,Pingxiang,CN,27.6167,113.85,92.95,51,33,7.02,scattered clouds
501,Marsabit,KE,2.3284,37.9899,58.37,74,35,19.19,scattered clouds
502,Harper,LR,4.375,-7.7169,75.25,83,100,9.64,overcast clouds
503,Yarim,YE,14.298,44.3779,57.31,57,100,3.69,overcast clouds
504,Marrakesh,MA,31.6315,-8.0083,78.87,57,1,6.91,clear sky
505,Ayan,RU,56.45,138.1667,60.06,94,100,2.17,overcast clouds
506,Puerto Escondido,MX,15.85,-97.0667,79.43,87,100,1.43,overcast clouds
507,Gharghoda,IN,22.1667,83.35,81.54,77,96,10.09,overcast clouds
508,Huntington,US,38.4193,-82.4452,78.73,95,1,4.07,clear sky
509,Deputatskiy,RU,69.3,139.9,63.5,55,73,12.46,broken clouds
510,Folldal,NO,62.1325,9.9968,48.94,83,5,1.83,clear sky
511,Durres,AL,41.3231,19.4414,62.78,53,100,4.83,overcast clouds
512,Alta Floresta,BR,-9.8756,-56.0861,75.07,49,24,4.05,few clouds
513,Nanortalik,GL,60.1432,-45.2371,41.74,90,2,9.37,clear sky
514,Beloha,MG,-25.1667,45.05,60.13,92,0,4.47,clear sky
515,Gondanglegi,ID,-7.7479,112.0132,81.93,75,6,5.23,clear sky
516,Conway,US,35.0887,-92.4421,78.6,74,75,20.71,broken clouds
517,Krasnovishersk,RU,60.4078,57.082,67.95,82,42,3.65,scattered clouds
518,Nautla,MX,20.2167,-96.7833,83.57,79,100,14.7,overcast clouds
519,Gambissara,SN,13.2382,-14.3108,79.61,86,100,7.78,overcast clouds
520,Manono,CD,-7.3,27.4167,70.23,47,5,3.6,clear sky
521,Shu,KZ,43.5983,73.7614,76.42,37,44,4.16,scattered clouds
522,Kajaani,FI,64.2273,27.7285,59.05,94,0,2.3,clear sky
523,Kapit,MY,2.0167,112.9333,74.62,98,100,0.94,overcast clouds
524,Gigmoto,PH,13.7796,124.39,86.95,67,93,9.31,overcast clouds
525,Genhe,CN,50.7833,121.5167,66.99,79,100,6.2,overcast clouds
526,Calama,CL,-22.4667,-68.9333,46.89,18,100,11.5,overcast clouds
527,Yarada,IN,17.65,83.2667,79.12,83,75,11.5,mist
528,Nenjiang,CN,49.1833,125.2167,77.92,67,100,10.96,overcast clouds
529,Manoel Urbano,BR,-8.8389,-69.2597,79.18,69,94,0.36,overcast clouds
530,Namatanai,PG,-3.6667,152.4333,85.1,68,26,7.78,scattered clouds
531,Byron Bay,AU,-28.65,153.6167,62.71,53,0,12.35,clear sky
532,Barnstaple,GB,51.0802,-4.0581,65.98,88,63,3.91,broken clouds
533,Kvam,NO,61.6656,9.6898,51.17,89,12,2.35,few clouds
534,Sinnamary,GF,5.3833,-52.95,78.17,83,92,6.06,overcast clouds
535,Igarka,RU,67.4667,86.5833,53.76,53,54,11.97,broken clouds
536,Ulaanbaatar,MN,47.9077,106.8832,59.13,67,0,2.24,clear sky
537,Oktyabrskiy,RU,54.4815,53.471,70.47,86,14,2.98,few clouds
538,Ferrol,ES,43.4832,-8.2369,71.35,89,97,3.11,overcast clouds
539,Mitchell,US,43.7094,-98.0298,84.18,32,0,3.44,clear sky
540,Dhidhdhoo,MV,6.8833,73.1,81.93,77,100,13.78,overcast clouds
541,Gat,IL,31.61,34.7642,74.39,100,0,0.92,clear sky
542,Roald,NO,62.5833,6.1333,58.12,76,75,14.97,broken clouds
543,Lompoc,US,34.6391,-120.4579,75.78,76,0,16.11,clear sky
544,Santa Cruz,BO,-17.8,-63.1667,65.66,45,100,16.11,overcast clouds
545,Lasa,IT,46.6166,10.7002,63.48,64,15,3.58,few clouds
546,Fiche,ET,9.8,38.7333,48.88,90,84,0.78,broken clouds
547,Alihe,CN,50.5667,123.7167,67.68,92,100,3.91,overcast clouds
548,Olean,US,42.0776,-78.4297,72.28,72,0,0.0,clear sky
549,Uyuni,BO,-20.4597,-66.825,37.74,16,100,5.66,overcast clouds
550,Urengoy,RU,65.9667,78.3667,56.16,54,4,8.63,clear sky
551,Nuevo Casas Grandes,MX,30.4167,-107.9167,88.75,23,41,8.01,scattered clouds
552,Durango,MX,24.8333,-104.8333,72.34,47,99,4.23,overcast clouds
553,Ishinomaki,JP,38.4167,141.3,71.69,87,100,11.12,light rain
554,Ajdabiya,LY,30.7554,20.2263,75.33,67,0,10.02,clear sky
555,Itaueira,BR,-7.6033,-43.0256,78.64,42,14,7.4,few clouds
556,Ancud,CL,-41.8697,-73.8203,39.22,77,59,9.17,light rain
557,Tornio,FI,65.8481,24.1466,59.02,78,56,2.39,broken clouds
558,Zhangjiakou,CN,40.81,114.8794,81.59,49,50,5.03,scattered clouds
559,Ginir,ET,7.1333,40.7,54.9,79,93,9.19,overcast clouds
560,Kuusamo,FI,65.9667,29.1833,60.84,94,20,4.61,few clouds
561,Wilmington,US,34.2257,-77.9447,81.86,86,0,6.91,clear sky
562,Osmena,PH,10.5208,119.9258,83.32,73,100,3.38,overcast clouds
563,Nivala,FI,63.9167,24.9667,62.69,86,100,2.37,light rain
564,Ekhabi,RU,53.5102,142.9671,65.66,70,7,12.93,clear sky
565,Lons-Le-Saunier,FR,46.75,5.75,63.19,68,14,4.34,few clouds
566,Dengzhou,CN,37.8086,120.7508,73.45,96,100,18.23,overcast clouds
567,La Rioja,ES,42.25,-2.5,60.58,48,0,5.48,clear sky
568,Luganville,VU,-15.5333,167.1667,83.97,68,64,10.69,broken clouds
569,Ngemplak,ID,-7.5497,110.7164,81.39,71,31,2.37,scattered clouds
570,Boden,SE,65.8252,21.6886,59.0,79,34,3.29,scattered clouds
571,Narsimhapur,IN,22.95,79.2,79.9,83,94,6.71,overcast clouds
572,Okhotsk,RU,59.3833,143.3,59.36,94,100,7.56,light rain
573,Buchanan,LR,5.8808,-10.0467,75.36,89,100,8.77,light rain
574,Sambava,MG,-14.2667,50.1667,69.71,89,98,11.52,light rain
575,Jiancheng,CN,30.391,104.5491,80.22,92,100,4.72,light rain
576,Barcelos,PT,41.5388,-8.6151,86.14,37,75,7.38,broken clouds
577,Cangzhou,CN,38.3167,116.8667,83.98,67,60,4.81,broken clouds
578,Sarkand,KZ,45.41,79.9186,71.15,40,97,5.57,overcast clouds
579,Sainte-Marie,RE,-20.8968,55.5496,69.96,65,20,13.8,few clouds
580,Kikwit,CD,-5.041,18.8162,71.13,37,5,2.01,clear sky
581,Urucara,BR,-2.5364,-57.76,78.31,71,85,2.84,overcast clouds
582,Kirkuk,IQ,35.4681,44.3922,86.32,22,0,5.03,clear sky
583,Fairbanks,US,64.8378,-147.7164,78.76,48,40,5.75,smoke
584,Treinta Y Tres,UY,-33.2333,-54.3833,39.72,84,1,4.45,clear sky
585,Pestovo,RU,58.5938,35.8024,56.34,98,11,4.0,few clouds
586,Nchelenge,ZM,-9.3451,28.734,62.92,60,7,6.73,clear sky
587,Bandar-E Lengeh,IR,26.5579,54.8807,88.97,81,72,9.1,broken clouds
588,Lavrentiya,RU,65.5833,-171.0,53.55,71,100,6.17,overcast clouds
589,Menongue,AO,-14.6585,17.691,48.94,57,0,4.54,clear sky
590,Jacareacanga,BR,-6.2222,-57.7528,80.89,54,96,1.81,overcast clouds
591,Pirovskoye,RU,57.6267,92.2658,58.89,63,97,6.93,overcast clouds
592,Morros,BR,-9.4467,-46.3003,72.57,45,19,3.58,few clouds
593,Hernani,ES,43.2662,-1.9762,70.86,80,0,4.61,clear sky
594,Lazaro Cardenas,MX,17.9583,-102.2,81.27,80,43,6.91,scattered clouds
595,Antigonish,CA,45.6169,-61.9986,62.15,82,7,5.99,clear sky
596,Juneau,US,58.3019,-134.4197,56.84,91,100,6.91,light rain
597,Meadow Lake,US,34.8014,-106.5436,80.35,35,81,10.78,broken clouds
598,Nushki,PK,29.5542,66.0215,86.74,44,4,2.17,clear sky
599,Uray,RU,60.1247,64.7758,66.09,79,31,7.34,light rain
600,Shimoda,JP,34.6667,138.95,76.1,86,64,4.59,broken clouds
601,Kaita,JP,34.3667,132.55,84.0,62,44,3.31,scattered clouds
602,Tezu,IN,27.9167,96.1667,85.69,75,100,0.58,overcast clouds
603,Kyren,RU,51.6828,102.1408,67.55,66,7,1.66,clear sky
604,Delijan,IR,33.9905,50.6838,80.19,13,3,5.73,clear sky
605,Mikun,RU,62.3547,50.0771,66.54,84,95,3.29,overcast clouds
606,Newport,GB,51.5877,-2.9984,67.44,78,67,4.68,broken clouds
607,Beidao,CN,34.5686,105.8933,69.94,92,100,1.61,overcast clouds
608,Mackenzie,CA,55.2999,-123.1698,66.42,37,100,10.36,overcast clouds
609,Vila Velha,BR,-20.3297,-40.2925,73.35,85,0,5.75,clear sky
610,Caorle,IT,45.5966,12.8758,69.76,82,13,9.75,few clouds
611,Usinsk,RU,65.9939,57.5281,71.83,60,26,5.41,scattered clouds
612,Solano,US,38.2333,-121.9511,85.28,51,0,26.46,clear sky
613,Inhambane,MZ,-23.865,35.3833,66.79,75,0,5.44,clear sky
614,Istok,XK,42.7808,20.4875,54.07,65,7,5.03,clear sky
615,Ankazobe,MG,-18.3167,47.1167,52.61,84,72,7.78,broken clouds
616,Meulaboh,ID,4.1363,96.1285,80.73,70,64,5.95,broken clouds
617,Cehegin,ES,38.0924,-1.7985,72.12,45,26,1.34,scattered clouds
618,San Quintin,MX,30.4833,-115.95,67.01,77,75,14.72,broken clouds
619,Pringsewu,ID,-5.3582,104.9744,80.53,78,94,0.16,overcast clouds
620,Dyurtyuli,RU,55.4911,54.8688,68.47,91,90,4.99,overcast clouds
621,Sira,IN,13.7453,76.9092,72.21,82,100,19.15,overcast clouds
622,Alamogordo,US,32.8995,-105.9603,90.41,40,0,6.91,clear sky
623,Staraya Kulatka,RU,52.7167,47.6167,66.11,87,100,3.91,light rain
624,Najran,SA,17.4924,44.1277,72.25,58,100,10.56,overcast clouds
625,Banjar,ID,-8.19,114.9675,83.17,69,74,1.36,broken clouds
626,Mompos,CO,9.2419,-74.4267,78.1,87,70,5.44,broken clouds
627,Sorland,NO,67.667,12.6934,53.46,93,79,19.44,broken clouds
628,Douglas,US,41.3,-96.167,83.28,52,0,0.0,clear sky
629,Gornopravdinsk,RU,60.05,69.9,63.1,82,98,4.76,light rain
630,Ono,JP,34.85,134.9333,81.91,61,98,3.06,overcast clouds
631,Baruun-Urt,MN,46.6806,113.2792,66.33,64,67,14.47,broken clouds
632,Pareora,NZ,-44.4871,171.2132,52.18,80,100,7.78,overcast clouds
633,Tombouctou,ML,20.0,-3.0,93.56,27,74,11.32,broken clouds
634,Dingle,PH,10.9995,122.6711,85.62,73,100,8.43,overcast clouds
635,Pontian Kecil,MY,1.4801,103.3899,80.92,80,100,5.14,overcast clouds
636,Praya,CV,14.9215,-23.5087,75.74,78,0,6.91,clear sky
637,Ternate,ID,0.8,127.4,82.42,71,80,4.94,broken clouds
638,Novobataysk,RU,46.8981,39.7819,70.81,59,9,0.56,clear sky
639,Labuhan,ID,-6.8844,112.2051,81.97,76,65,4.12,broken clouds
640,Kokoda,PG,-8.8785,147.7407,88.81,52,68,4.68,broken clouds
641,Bereznik,RU,62.8551,42.7072,64.71,89,44,4.21,scattered clouds
642,Tarapur,IN,19.85,72.7,79.0,91,100,21.16,light rain
643,Mandera,KE,3.9366,41.867,74.5,52,95,19.35,overcast clouds
644,Oudtshoorn,ZA,-33.5907,22.2014,43.16,54,0,5.01,clear sky
645,Vercheres,CA,45.7834,-73.3492,69.3,73,3,8.05,clear sky
646,Almaznyy,RU,48.0448,40.045,63.9,52,87,3.78,overcast clouds
647,Ballinasloe,IE,53.3275,-8.2194,48.51,93,100,5.77,overcast clouds
648,Carauari,BR,-4.8828,-66.8958,73.08,95,69,2.33,broken clouds
649,Hohhot,CN,40.8106,111.6522,75.49,64,0,2.24,clear sky
650,Manggar,ID,-2.8833,108.2667,79.72,82,100,1.1,overcast clouds
651,Lincoln,US,40.8,-96.667,84.11,48,0,4.61,clear sky
652,Asau,RO,46.4333,26.4,49.28,80,84,7.29,broken clouds
653,Ribas Do Rio Pardo,BR,-20.4431,-53.7592,64.94,84,100,6.11,overcast clouds
654,Columbia,US,34.0007,-81.0348,82.04,83,0,5.75,clear sky
655,Tukrah,LY,32.5341,20.5791,74.86,73,2,8.81,clear sky
656,Cabedelo,BR,-6.9811,-34.8339,74.07,85,14,8.37,few clouds
657,Bom Jesus,BR,-9.0744,-44.3586,71.51,47,49,1.14,scattered clouds
658,Yenotayevka,RU,47.2456,47.0281,76.62,56,98,6.35,overcast clouds
659,Tamandare,BR,-8.7597,-35.1047,74.79,87,24,4.76,few clouds
660,Khalabat,PK,34.06,72.8894,80.38,80,71,3.2,moderate rain
661,Ambilobe,MG,-13.2,49.05,67.24,79,5,3.85,clear sky
662,Yaan,NG,7.3833,8.5667,70.99,97,99,7.29,light rain
663,Qiongshan,CN,20.0058,110.3542,85.98,84,40,8.95,scattered clouds
664,Iqaluit,CA,63.7506,-68.5145,53.33,82,100,0.0,overcast clouds
665,Shingu,JP,33.7333,135.9833,83.97,68,51,6.33,broken clouds
666,Strelka,RU,58.0728,93.0344,60.1,72,68,3.94,broken clouds
667,Ikom,NG,5.9667,8.7063,71.78,97,100,1.81,overcast clouds
668,Luanda,AO,-8.8368,13.2343,71.6,83,75,6.91,broken clouds
669,Wamba,NG,8.9333,8.6,71.94,97,100,0.63,moderate rain
670,Kvarkeno,RU,52.0833,59.725,69.89,72,48,6.82,scattered clouds
671,Roma,US,43.2128,-75.4557,69.64,84,100,4.61,overcast clouds
672,Aberdeen,GB,57.1437,-2.0981,54.5,81,40,5.75,scattered clouds
673,Tual,ID,-5.6667,132.75,78.85,85,94,21.36,moderate rain
674,Anaconda,US,46.1285,-112.9423,90.59,39,29,4.61,scattered clouds
675,Kichera,RU,55.9375,110.0997,66.65,60,47,5.77,light rain
676,Harboore,DK,56.6175,8.1807,60.19,89,22,11.21,few clouds
677,Cap Malheureux,MU,-19.9842,57.6142,68.47,68,95,5.99,overcast clouds
678,Shenzhen,CN,22.5455,114.0683,88.93,91,85,2.59,overcast clouds
679,Dakar,SN,14.6937,-17.4441,80.73,83,75,9.22,broken clouds
680,Belyy Yar,RU,53.6039,91.3903,63.86,67,0,15.66,clear sky
681,Waxahachie,US,32.3865,-96.8483,99.03,25,0,3.44,clear sky
682,Oranjemund,NA,-28.55,16.4333,52.02,90,0,7.2,clear sky
683,La Tuque,CA,47.4334,-72.7824,57.94,93,81,5.17,broken clouds
684,Xining,CN,36.6167,101.7667,67.44,59,15,1.83,few clouds
685,Pichayevo,RU,53.2363,42.2032,61.45,71,90,5.5,overcast clouds
686,Verkhnyaya Inta,RU,65.9811,60.3094,68.0,83,74,14.09,broken clouds
687,Thesprotikon,GR,39.25,20.7847,65.23,63,5,5.26,clear sky
688,General Roca,AR,-39.0333,-67.5833,51.62,47,100,4.29,overcast clouds
689,Taoudenni,ML,22.6783,-3.9836,98.65,18,63,4.45,broken clouds
690,Torquay,GB,50.4638,-3.5143,66.69,78,92,4.83,overcast clouds
691,Midyat,TR,37.4247,41.3393,76.93,19,0,4.43,clear sky
692,Solnechnyy,RU,50.7214,136.6319,66.07,97,100,2.68,overcast clouds
693,Viedma,AR,-40.8135,-62.9967,45.99,54,8,8.95,clear sky
694,Makakilo City,US,21.3469,-158.0858,84.52,63,100,17.27,overcast clouds
695,Yafran,LY,32.0633,12.5286,68.29,59,0,10.29,clear sky
696,Mpika,ZM,-11.8343,31.4529,51.12,87,19,6.17,few clouds
697,Okha,RU,53.5739,142.9478,64.26,73,14,13.02,few clouds
698,Cockburn Town,TC,21.4612,-71.1419,81.63,85,11,17.38,few clouds
699,Namuac,PH,18.6109,121.1657,83.1,82,100,6.49,heavy intensity rain
700,Berberati,CF,4.2612,15.7922,69.35,91,97,1.9,overcast clouds
701,Indiaroba,BR,-11.5192,-37.5117,70.97,97,51,3.4,broken clouds
